"status","cliente","servicio","tags","phase"
"Cancelado","REGIMEN DE PROTECCION SOCIAL EN SALUD DE NUEVO LEON","CUAD-CISCO",,"Operativo"
"Activo","SECRETARIA DE EDUCACION","CUAD-CISCO",,"Nuevo-Operativo"
"Activo","DEXTRA TECHNOLOGIES, S.A. DE C.V.","CUAD-BROADSOFT","[""circulo k""]","Operativo-Desconocido"
"Activo","CECOBAN S.A. DE C.V.","CUAD-BROADSOFT",,"Nuevo-Operativo"
"Cancelado","INSTITUTO NACIONAL ELECTORAL","CUAD-CISCO",,"Desconocido"
"Activo","INSTITUTO SALVATIERRA A.C.","CUAD-BROADSOFT",,"Operativo"
"Activo","CAJA POPULAR MEXICANA","CUAD-CISCO","[""capome""]","Operativo-Desconocido"
"Activo","FIDEICOMISO DE RECUPERACION CREDITICIA","CUAD-BROADSOFT",,"Operativo"
"Cancelado","KIDZANIA DE MEXICO, S.A. DE C.V.","CUAD-BROADSOFT",,"Operativo"
"Activo","HOSPITAL DE ESPECIALIDADES SANTANDER,S.A. DE C.V.","CUAD-BROADSOFT","[""hospital santander""]","Nuevo-Planeación"
"Cancelado","PROGRAMA EDUCACION INICIAL","CUAD-CISCO","[""fundacion_carlos_slim""]","Operativo"
"Cancelado","PM EXPEDITIONS SA DE CV","CUAD-BROADSOFT",,"Operativo"
"Activo","GOBIERNO DEL ESTADO DE MICHOACAN","CUAD-BROADSOFT",,"Nuevo-Planeación-Operativo"
"Activo","DEPARTAMENTAL DE NOVIAS, SAPI DE C.V","CUAD-BROADSOFT",,"Planeación"
"Activo","GOBIERNO DEL DISTRITO FEDERAL","CUAD-BROADSOFT","[""sedeco""]","Nuevo-Planeación-Implementación-Operativo-Desconocido"
"Activo","GAS COMERCIAL DE CAMARGO SA","CUAD-BROADSOFT",,"Nuevo"
"Activo","NACIONAL DE ALIMENTOS Y HELADOS, S.A. DE C.V.","CUAD-BROADSOFT",,"Operativo-Desconocido"
"Activo","BANCA MIFEL S.A. INSTITUCION DE BANCA MULTIPLE GRUPO FINANCIERO MIFEL","CUAD-CISCO",,"Nuevo-Planeación-Implementación-Operativo-Desconocido"
"Activo","BBVA BANCOMER","CUAD-CISCO",,"Nuevo-Planeación-Implementación-Desconocido"
"Activo","SISTEMA ESTATAL ANTICORRUPCION DEL ESTADO DE JALISCO","CUAD-BROADSOFT","[""sesaj""]","Operativo"
"Activo","MAYA MOTRIZ, S.A. DE C.V.","CUAD-AVAYA",,"Operativo"
"Activo","OPTICAS DEVLYN, S.A. DE C.V.","CUAD-BROADSOFT",,"Planeación-Implementación-Operativo"
"Cancelado","HOSPITAL CIVIL DE GUADALAJARA","CUAD-CISCO",,"Desconocido"
"Activo","GAS COMERCIAL DE DELICIAS SA","CUAD-BROADSOFT",,"Nuevo"
"Activo","AUTOTRANSPORTES DE PASAJEROS MEXICO-TOLUCA-SAN LUIS MEXTEPEC-QUERETARO FLECHA RO","CUAD-BROADSOFT",,"Planeación-Operativo"
"Cancelado","UNIVERSIDAD AUTONOMA DEL NORESTE","CUAD-CISCO",,"Desconocido"
"Activo","H. TRIBUNAL SUPERIOR DE JUSTICIA DEL ESTADO DE TLAXCALA","CUAD-BROADSOFT",,"Operativo-Desconocido"
"Cancelado","METSO MEXICO, S.A. DE C.V.","CUAD-BROADSOFT",,"Desconocido"
"Activo","FINCOMUN,SERVICIOS FINANCIEROS COMUNITARIOS S.A DE C.V","CUAD-CISCO",,"Planeación-Implementación-Operativo-Desconocido"
"Activo","GAS COMERCIAL DE JIMENEZ SA","CUAD-BROADSOFT",,"Nuevo"
"Activo","PRESTIGIO MOTRIZ S.A. P.DE I. DE C.V.","CUAD-CISCO",,"Nuevo-Planeación-Implementación-Operativo"
"Cancelado","DESARROLLO OPTIMA SA DE CV","CUAD-BROADSOFT",,"Desconocido"
"Activo","ESCUELA DE ADMINISTRACION PUBLICA DEL DISTRITO FEDERAL","CUAD-BROADSOFT",,"Operativo"
"Activo","SECRETARIADO EJECUTIVO DEL SISTEMA ESTATAL DE SEGURIDAD PUBLICA","CUAD-BROADSOFT","[""sesaj""]","Operativo-Desconocido"
"Activo","AUTOTRANSPORTES VALLE DEL MEZQUITAL S.A. DE C.V.","CUAD-BROADSOFT","[""gvm""]","Operativo"
"Activo","GOLFO MOTRIZ S.A. DE C.V.","CUAD-AVAYA",,"Nuevo"
"Activo","SERVICIO PAN AMERICANO DE PROTECCION","CUAD-BROADSOFT",,"Operativo"
"Activo","METSO MEXICO, S.A. DE C.V.","CUAD-AVAYA",,"Planeación-Implementación"
"Activo","DISTRIBUIDORA SANTIAGO","CUAD-AVAYA",,"Nuevo"
"Activo","ENERGIA NUEVA ENERGIA LIMPIA MEXICO, S. DE R.L. DE C.V.","CUAD-CISCO",,"Nuevo-Planeación"
"Cancelado","OFICINAS CORPORATIVAS GRUPO CHARTWELL","CUAD-CISCO",,"Planeación"
"Activo","OPERADORA ROMANO S.C.","CUAD-AVAYA",,"Planeación-Implementación-Desconocido"
"Activo","SALLES SAINZ GRANT THORNTON S.C.","CUAD-CISCO","[""ssgt""]","Implementación-Operativo-Desconocido"
"Activo","CORPORATIVO BIMBO, S.A. DE C.V.","CUAD-CISCO",,"Planeación-Implementación"
"Activo","KIDZANIA DE MEXICO, S.A. DE C.V.","CUAD-AVAYA",,"Planeación-Implementación-Desconocido"
"Activo","EMBOTELLADORA LAS MARGARITAS S A P I DE CV","CUAD-AVAYA",,"Nuevo"
"Cancelado","ORIFLAME MEXICO, S.A. DE C.V.","CUAD-BROADSOFT",,"Desconocido"
"Cancelado","GEO JALISCO, S.A. DE C.V.","CUAD-CISCO",,"Desconocido"
"Activo","OPERADORA ROMANO S.C.","CUAD-CISCO",,"Desconocido"
"Activo","RED NACIONAL ULTIMA MILLA S.A.P.I. DE C.V.","CUAD-BROADSOFT",,"Nuevo"
"Cancelado","TELEFONOS DE MEXICO, S.A.B. DE C.V.","CUAD-BROADSOFT",,"Desconocido"
"Activo","DESC CORPORATIVO, S.A. DE C.V.","CUAD-CISCO",,"Planeación"
"Activo","PUBLICIDAD Y CONTENIDO EDITORIAL S.A. DE C.V.","CUAD-CISCO",,"Operativo-Desconocido"
"Activo","GLOBAL FES CARGO, S.A. DE C.V.","CUAD-BROADSOFT",,"Operativo"
"Activo","EMBOTELLADORA LAS MARGARITAS S A P I DE CV","CUAD-BROADSOFT",,"Planeación"
"Activo","SEGUROS BANORTE, S.A. DE C.V. GRUPO FINANCIERO BANORTE","CUAD-CISCO",,"Nuevo"
"Activo","ASESORIA PROFESIONAL AL AUTOTRANSPORTE S.A. DE C.V.","CUAD-BROADSOFT",,"Planeación"
"Activo","COOPERATIVA LA CRUZ AZUL S.C.L.","CUAD-CISCO","[""copcca""]","Nuevo-Planeación-Implementación"
"Activo","EUROELECTRICA, S.A. DE C.V.","CUAD-BROADSOFT",,"Nuevo-Operativo"
"Activo","GOBIERNO DEL ESTADO DE TABASCO","CUAD-CISCO","[""getep""]","Operativo"
"Activo","DENTIX MEXICO HEATLH S.C.","CUAD-BROADSOFT",,"Planeación-Implementación-Operativo"
"Activo","INSTITUTO ELECTORAL DEL ESTADO DE  GUANAJUATO","CUAD-BROADSOFT","[""ieeg""]","Planeación-Implementación-Operativo-Desconocido"
"Activo","PROGRAMA EDUCACION INICIAL","CUAD-BROADSOFT","[""fundacion_carlos_slim""]","Operativo"
"Activo","DIAGEO MEXICO, S.A. DE C.V.","CUAD-BROADSOFT",,"Operativo"
"Activo","CAMARA DE DIPUTADOS DEL H. CONGRESO DE LA UNION","CUAD-CISCO",,"Implementación-Desconocido"
"Activo","LAND IT S.A. DE C.V.","CUAD-BROADSOFT",,"Nuevo-Planeación-Implementación-Operativo-Desconocido"
"Activo","GAS SUPREMO DE JUAREZ SA","CUAD-BROADSOFT",,"Nuevo"
"Activo","CORPORACION EL ASTURIANO SA DE CV","CUAD-BROADSOFT",,"Planeación"
"Activo","ZURICH COMPAÑIA DE SEGUROS, S.A. DE C.V.","CUAD-CISCO",,"Nuevo-Planeación-Implementación-Operativo"
"Cancelado","UNIVERSIDAD NACIONAL AUTONOMA DE MEXICO","CUAD-BROADSOFT",,"Desconocido"
"Activo","SERVI-GAS DEL NORTE SA","CUAD-BROADSOFT",,"Nuevo"
"Activo","LALA ADMINISTRACION Y CONTROL, S.A. DE C.V.","CUAD-BROADSOFT",,"Nuevo-Planeación-Operativo-Desconocido"
"Cancelado","ICA FLUOR DANIEL","CUAD-BROADSOFT",,"Desconocido"
"Activo","LALA ADMINISTRACION Y CONTROL, S.A. DE C.V.","CUAD-CISCO",,"Planeación-Implementación-Operativo-Desconocido"
"Activo","FONDO DE LA VIVIENDA PARA LOS TRABAJADORES DE LA EDUCACION AL SERVICIO DEL ESTAD","CUAD-BROADSOFT",,"Planeación-Implementación"
"Activo","SERVICIOS TURISTICOS LA MANSION SA DE CV","CUAD-BROADSOFT",,"Implementación"
"Activo","ABASTOS Y DISTRIBUCIONES INSTITUCIONALES SA DE CV","CUAD-BROADSOFT","[""landit""]","Nuevo-Operativo"
"Activo","SODEXO MEXICO, S.A DE C.V","CUAD-BROADSOFT",,"Nuevo-Operativo"
"Activo","PROCONSA","CUAD-BROADSOFT",,"Planeación-Implementación-Operativo"
"Activo","ADMINISTRADORA DE PERSONAL DE CENTROS COMERCIALES, S.A. DE C.V.","CUAD-CISCO",,"Operativo"
"Activo","CARRIER ENTERPRISE MEXICO S DE RL DE CV","CUAD-BROADSOFT","[""cem""]","Planeación-Implementación-Operativo-Desconocido"
"Activo","KEY AUTOMOTIVE ACCESSORIES DE MEXICO","CUAD-BROADSOFT",,"Operativo-Desconocido"
"Activo","ANDAMIOS Y PARARRAYOS, S.A. DE C.V.","CUAD-BROADSOFT","[""anpasa""]","Nuevo-Planeación-Desconocido"
"Activo","EURO ALARMAS SA DE CV","CUAD-BROADSOFT",,"Planeación-Desconocido"
"Activo","AMX CONTENIDO SA DE CV","CUAD-BROADSOFT",,"Nuevo-Planeación-Implementación-Desconocido"
"Activo","HOSPITAL CIVIL DE GUADALAJARA","CUAD-BROADSOFT",,"Operativo"
"Activo","GST SAFETY TEXTILES MEXICO, S DE RL DE CV","CUAD-BROADSOFT",,"Operativo"
"Activo","CFE","CUAD-BROADSOFT",,"Planeación-Implementación"
"Activo","CARSO EFICENTRUM, S.A. DE C.V.","CUAD-BROADSOFT","[""telmex""]","Implementación"
"Cancelado","GEO MORELOS S.A. DE C.V.","CUAD-CISCO",,"Desconocido"
"Cancelado","GEO EDIFICACIONES, S.A. DE C.V.","CUAD-CISCO",,"Desconocido"
"Activo","CLARO PAGOS S.A. DE C.V.","CUAD-BROADSOFT",,"Nuevo"
"Activo","MULTISERVICIOS NIETO S.A. DE C.V. A.B.P.","CUAD-BROADSOFT",,"Planeación-Implementación-Desconocido"
"Activo","TERMINAL INTERMODAL LOGISTICA DE HIDALGO, S.A.P.I. DE C.V.","CUAD-CISCO","[""tilh""]","Operativo"
"Activo","COMITE OLIMPICO MEXICANO, A.C.","CUAD-CISCO","[""com""]","Operativo"
"Activo","INVERSORA BURSATIL,S.A DE C.V. CASA DE BOLSA GRUPO FINANCIERO INBURSA","CUAD-CISCO",,"Planeación"
"Cancelado","GRUPO GAYOSSO","CUAD-CISCO",,"Desconocido"
"Activo","SERVICIOS LIVERPOOL, S.A. DE C.V.","CUAD-CISCO",,"Planeación-Operativo-Desconocido"
"Activo","GRUPO VALE EURO RSCG, S.A. DE C.V.","CUAD-BROADSOFT",,"Nuevo-Operativo"
"Activo","CLARO ENTERPRISE SOLUTIONS, LLC","CUAD-AVAYA",,"Nuevo"
"Activo","JUNTA ESTATAL DE CAMINOS","CUAD-BROADSOFT",,"Planeación-Implementación"
"Activo","DISTRIBUIDORA FUVA DE PARRAL, S.A. DE C.V.","CUAD-BROADSOFT",,"Desconocido"
"Activo","CROWN ENVASES MEXICO, S.A. DE C.V.","CUAD-BROADSOFT","[""famosa""]","Nuevo-Operativo"
"Activo","NUESTRA CAJA S.A. DE C.V.","CUAD-BROADSOFT",,"Nuevo-Planeación-Implementación-Operativo"
"Activo","SEARS","CUAD-BROADSOFT",,"Nuevo"
"Activo","PROMOTORA DEL DESARROLLO DE AMERICA LATINA, S.A. DE C.V.","CUAD-AVAYA","[""ideal""]","Nuevo"
"Activo","FIANZAS DORAMA, S. A.","CUAD-CISCO",,"Planeación-Implementación-Operativo-Desconocido"
"Activo","SERVICIOS LIVERPOOL, S.A. DE C.V.","CUAD-AVAYA",,"Planeación"
"Cancelado","CAJA POPULAR MEXICANA","CUAD-BROADSOFT","[""capome""]","Desconocido"
"Activo","PROVIDENT MEXICO S.A. DE C.V.","CUAD-BROADSOFT",,"Nuevo"
"Activo","SERVICIOS DE COBRANZA, RECUPERACION Y SEGUIMIENTO","CUAD-BROADSOFT",,"Planeación"
"Activo","BANCO SABADELL, S.A., INSTITUCION DE BANCA MULTIPLE","CUAD-AVAYA",,"Nuevo"
"Activo","UNIVERSIDAD AUTONOMA DEL NORESTE","CUAD-BROADSOFT",,"Operativo-Desconocido"
"Activo","COMPLEJO INDUSTRIAL FUENTES S.A. DE C.V.","CUAD-BROADSOFT",,"Nuevo"
"Activo","MUNICIPIO DEL CENTRO","CUAD-CISCO","[""get""]","Operativo-Desconocido"
"Cancelado","FCI ADMINISTRADORA S.C","CUAD-BROADSOFT",,"Operativo"
"Activo","SENA AUTOMOTRIZ, S.A. DE C.V.","CUAD-CISCO",,"Nuevo-Operativo-Desconocido"
"Activo","CROWN FAMOSA S.A. DE C.V.","CUAD-BROADSOFT","[""famosa""]","Operativo"
"Activo","BBVA BANCOMER","CUAD-AVAYA",,"Nuevo-Operativo-Desconocido"
"Activo","CORPORACION DE ENERGIA MEXOIL SAPI DE CV","CUAD-AVAYA",,"Nuevo"
"Activo","UNIVEX, S.A.","CUAD-AVAYA",,"Planeación"
"Activo","SAT FM","CUAD-CISCO",,"Operativo"
"Activo","GOLFO MOTRIZ S.A. DE C.V.","CUAD-CISCO",,"Nuevo-Planeación-Operativo-Desconocido"
"Activo","DISTRIBUIDORA INTERNACIONAL DE MEDICAMENTOS Y EQUIPO MEDICO, S.A. DE C.V.","CUAD-CISCO","[""dimesa""]","Operativo"
"Activo","FLETES Y TRANSPORTES RUIZ, S.A. DE C.V.","CUAD-AVAYA",,"Nuevo-Implementación-Desconocido"
"Activo","TPS","CUAD-BROADSOFT",,"Planeación"
"Cancelado","GEO VERACRUZ","CUAD-CISCO",,"Desconocido"
"Activo","FUNDACION TELMEX, A.C.","CUAD-BROADSOFT",,"Operativo"
"Activo","BANCO DEL AHORRO NACIONAL Y SERVICIOS FINANCIEROS SNC","CUAD-CISCO","[""bansefi""]","Nuevo-Planeación-Operativo-Desconocido"
"Activo","MAPFRE TEPEYAC, S.A.","CUAD-CISCO",,"Planeación-Operativo"
"Activo","SUPER Q S.A. DE C.V.","CUAD-BROADSOFT",,"Operativo"
"Activo","ELAI,SC","CUAD-AVAYA",,"Desconocido"
"Activo","GAS COMERCIAL DE CUAUHTEMOC SA","CUAD-BROADSOFT",,"Nuevo"
"Activo","DEMONSA S.A. DE C.V.","CUAD-CISCO",,"Planeación-Operativo"
"Activo","SURESTE MOTRIZ, SA DE CV","CUAD-CISCO",,"Nuevo-Operativo-Desconocido"
"Activo","GRUPO CUAUHTEMOC MOCTEZUMA S.A. DE C.V.","CUAD-BROADSOFT",,"Nuevo-Planeación-Implementación-Operativo"
"Activo","PRESERTE S.A. DE C.V.","CUAD-BROADSOFT",,"Planeación"
"Activo","FISCALIA GENERAL DEL ESTADO DE TABASCO","CUAD-BROADSOFT",,"Planeación-Operativo-Desconocido"
"Cancelado","GEO BAJA CALIFORNIA, S.A. DE C.V.","CUAD-CISCO",,"Desconocido"
"Activo","CERVEZA CORONA EN AGUASCALIENTES","CUAD-BROADSOFT",,"Nuevo-Planeación"
"Cancelado","CENTRO REGIONAL DE EDUCACION NORMAL LIC JAVIER ROJO GOMEZ","CUAD-CISCO",,"Desconocido"
"Activo","AUTOMOTORES DE CIUDAD DEL CARMEN, S.A. DE C.V.","CUAD-CISCO",,"Operativo"
"Activo","BUFETE ROBLES MIAJA S.V.","CUAD-BROADSOFT",,"Operativo"
"Activo","MODATELAS, S.A. DE C.V.","CUAD-BROADSOFT",,"Planeación-Implementación-Operativo"
"Activo","MAGNA POWERTRAIN DE MEXICO, S.A. DE C.V.","CUAD-CISCO",,"Implementación-Operativo"
"Activo","ATLATEC, S.A. DE C.V.","CUAD-AVAYA",,"Desconocido"
"Cancelado","IMSS","CUAD-BROADSOFT",,"Implementación-Desconocido"
"Activo","TIENDAS EXTRA, S.A. DE C.V.","CUAD-CISCO",,"Nuevo-Planeación-Operativo-Desconocido"
"Activo","UNIVERSIDAD TECNOLOGICA DE MATAMOROS","CUAD-BROADSOFT",,"Planeación-Desconocido"
"Activo","FABRICAS MONTERREY, SA DE CV","CUAD-BROADSOFT","[""famosa""]","Operativo-Desconocido"
"Activo","JAPAY, S.A. DE C.V.","CUAD-CISCO",,"Operativo"
"Cancelado","GEO TAMAULIPAS, S.A. DE C.V.","CUAD-CISCO",,"Desconocido"
"Activo","CAJA INMACULADA, S.C. DE A.P. DE R.L. DE C.V.","CUAD-BROADSOFT",,"Planeación-Desconocido"
"Activo","BANCA MIFEL S.A. INSTITUCION DE BANCA MULTIPLE GRUPO FINANCIERO MIFEL","CUAD-AVAYA",,"Nuevo-Desconocido"
"Activo","SECRETARIA DE FINANZAS DEL GOBIERNO DEL ESTADO DE BAJA CALIFORNIA SUR","CUAD-BROADSOFT",,"Implementación-Operativo-Desconocido"
"Activo","CONTECON MANZANILLO S.A. DE C.V.","CUAD-CISCO",,"Nuevo-Operativo-Desconocido"
"Cancelado","GEO GUERRERO, S.A. DE C.V.","CUAD-CISCO",,"Desconocido"
"Activo","COMETRA","CUAD-BROADSOFT",,"Implementación"
"Activo","CIBANCO, S.A","CUAD-CISCO",,"Nuevo-Implementación-Operativo"
"Activo","LIDERES EN SERVICIOS INTEGRALES DE OCCIDENTE","CUAD-BROADSOFT",,"Nuevo-Operativo"
"Activo","VECTOR CASA DE BOLSA S.A. DE C.V","CUAD-CISCO",,"Nuevo-Operativo-Desconocido"
"Activo","AFORE SURA, S.A. DE C.V.","CUAD-AVAYA",,"Nuevo"
"Activo","ZURICH VIDA COMPAÑIA DE SEGUROS S.A.","CUAD-CISCO",,"Planeación-Implementación-Operativo"
"Activo","INTERJET","CUAD-CISCO",,"Planeación"
"Activo","COMPUTING AND PRINTING MEXICO S. DE R.L. DE C.V","CUAD-BROADSOFT",,"Implementación-Desconocido"
"Activo","OCESA","CUAD-AVAYA",,"Operativo"
"Activo","FABRICAS DE CALZADO ANDREA S.A DE C.V.","CUAD-CISCO",,"Operativo-Desconocido"
"Activo","ANUNCIOS EN DIRECTORIOS, S.A.DE C.V.","CUAD-CISCO","[""sección amarilla""]","Planeación-Implementación-Operativo-Desconocido"
"Activo","CIBANCO, S.A INSTITUCION DE BANCA MULTIPLE","CUAD-CISCO",,"Nuevo-Planeación-Implementación-Operativo-Desconocido"
"Activo","BANCO MERCANTIL DEL NORTE, S.A. INSTITUCION DE BANCA MULTIPLE GRUPO FINANCIERO B","CUAD-AVAYA",,"Nuevo"
"Activo","DURAPLAY DE PARRAL S.A.P.I DE C.V.","CUAD-BROADSOFT",,"Operativo-Desconocido"
"Cancelado","GEO HOGARES IDEALES, S.A. DE C.V.","CUAD-CISCO",,"Desconocido"
"Activo","GOBIERNO DEL ESTADO DE CAMPECHE","CUAD-CISCO","[""gec""]","Planeación-Implementación-Operativo"
"Activo","MAYA MOTRIZ, S.A. DE C.V.","CUAD-CISCO",,"Nuevo-Operativo-Desconocido"
"Cancelado","ICA FLUOR DANIEL","CUAD-AVAYA",,"Planeación-Implementación"
"Activo","GOBIERNO DEL DISTRITO FEDERAL","CUAD-CISCO","[""sedeco""]","Operativo-Desconocido"
"Cancelado","BARCEL, S.A. DE C.V.","CUAD-BROADSOFT",,"Desconocido"
"Activo","GAS COMERCIAL DE CHIHUAHUA SA","CUAD-BROADSOFT",,"Nuevo"
"Activo","ALQUILADORA DE VEHICULOS AUTOMOTORES","CUAD-CISCO","[""hertz""]","Nuevo-Planeación-Operativo-Desconocido"
"Activo","CLARO ENTERPRISE SOLUTIONS, LLC.","CUAD-CISCO","[""bupa""]","Nuevo"
"Activo","INTELISIS SOFTWARE S.A. DE C.V.","CUAD-BROADSOFT",,"Nuevo"
"Activo","SERVICIOS PARA TI S.A. DE C.V.","CUAD-CISCO",,"Nuevo-Planeación-Operativo-Desconocido"
"Activo","CORPORATIVO GRUPO TOLUCA S A","CUAD-BROADSOFT",,"Operativo"
"Cancelado","GEO CASAS DEL BAJIO, S.A. DE C.V.","CUAD-CISCO",,"Desconocido"
"Activo","INTERJET","CUAD-AVAYA",,"Nuevo"
"Activo","VISION SOFTWARE FACTORY, S.A. DE C.V.","CUAD-BROADSOFT",,"Operativo-Desconocido"
"Activo","AUTOTRANSPORTES ESTRELLA ROJA DEL SUR S.A DE C.V","CUAD-CISCO","[""aers""]","Operativo-Desconocido"
"Cancelado","GEO NORESTE, S.A. DE C.V.","CUAD-CISCO",,"Desconocido"
"Activo","OPERADORA ROMANO S.C.","CUAD-BROADSOFT",,"Planeación-Operativo-Desconocido"
"Cancelado","FINANCIERA AYUDAMOS, S.A. DE C.V. SOFOM ER","CUAD-BROADSOFT",,"Desconocido"
"Activo","PROMOTORA DEL DESARROLLO DE AMERICA LATINA, S.A. DE C.V.","CUAD-CISCO","[""ideal""]","Nuevo-Implementación-Operativo"
"Activo","SERVICIO Y CONTROL EMPRESARIAL S.A. DE C.V.","CUAD-CISCO","[""gpomex""]","Operativo"
"Cancelado","GEO PUEBLA, S.A. DE C.V.","CUAD-CISCO",,"Desconocido"
"Activo","BANCO MERCANTIL DEL NORTE, S.A. INSTITUCION DE BANCA MULTIPLE GRUPO FINANCIERO B","CUAD-CISCO",,"Nuevo"
"Activo","MUNICIPIO DE BENITO JUAREZ","CUAD-CISCO","[""mbj""]","Operativo-Desconocido"
"Activo","PODER EJECUTIVO DEL ESTADO DE CAMPECHE","CUAD-CISCO",,"Nuevo"
"Activo","AMX CONTENIDO SA DE CV","CUAD-CISCO",,"Planeación"
"Activo","INSTITUTO DE PLANEACION DEL ESTADO DE NAYARIT","CUAD-BROADSOFT",,"Desconocido"
"Activo","SERVITE, S.A. DE C.V.","CUAD-CISCO",,"Desconocido"
"Activo","AUTOMOTORES DE QUINTANA ROO S.A. DE C.V.","CUAD-CISCO",,"Operativo-Desconocido"
"Activo","AUTOS I4 S.A DE C.V","CUAD-CISCO",,"Nuevo-Operativo-Desconocido"
"Activo","ENERGIA LIMPIA DE PALO ALTO S. DE R.L. DE C.V.","CUAD-CISCO",,"Nuevo"
"Activo","DOMINICA ENERGIA LIMPIA S. DE R.L. DE C.V.","CUAD-CISCO",,"Nuevo"
"Activo","STIPA NAYAA S.A. DE C.V.","CUAD-CISCO",,"Nuevo"
"Activo","FARMACOS ESPECIALIZADOS SA CV","CUAD-AVAYA",,"Nuevo"
"Activo","ESENCIA MOTRIZ S.A. P.DE I. DE C.V.","CUAD-CISCO",,"Nuevo-Operativo"
"Activo","JUGOS DEL VALLE,S.A.B. DE C.V.","CUAD-BROADSOFT",,"Planeación-Desconocido"
"Cancelado","CORPORACION GEO, S.A.B. DE C.V.","CUAD-CISCO",,"Desconocido"
"Activo","BANCO AUTOFIN MÉXICO, S.A., INSTITUCIÓN DE BANCA MÚLTIPLE","CUAD-CISCO","[""bam""]","Nuevo-Operativo-Desconocido"
"Activo","LEVIC S.A. DE C.V.","CUAD-AVAYA",,"Desconocido"
"Activo","FARMACOS NACIONALES S.A. DE C.V.","CUAD-AVAYA",,"Nuevo"
"Activo","INNOVACION EN LOGISTICA Y DISTRIBUCION SA DE CV","CUAD-AVAYA",,"Nuevo"
"Activo","GRUPO GAYOSSO","CUAD-BROADSOFT",,"Nuevo-Planeación-Implementación-Operativo-Desconocido"
"Activo","TE CREEMOS","CUAD-BROADSOFT",,"Nuevo-Planeación-Operativo-Desconocido"
"Activo","SURTIDORA DE PELICULAS S.A. DE C.V.","CUAD-BROADSOFT","[""spe""]","Implementación-Operativo-Desconocido"
"Activo","INSTITUTO DEL FONDO NACIONAL DE LA VIVIENDA PARA  LOS TRABAJADORES, GOBIERNO","CUAD-BROADSOFT",,"Planeación"
"Activo","GENERADORA FENIX S.A.P.I. DE C.V.","CUAD-BROADSOFT",,"Nuevo-Planeación-Desconocido"
"Activo","DR. JOSE POLAK S.A. DE C.V.","CUAD-AVAYA",,"Planeación"
"Activo","VICHISA, S.A. DE C.V","CUAD-BROADSOFT","[""famosa""]","Operativo"
"Activo","VIENTOS DEL ALTIPLANO S. DE R.L. DE C.V.","CUAD-CISCO",,"Nuevo"
"Activo","EOLICA ZOPILOAPAN S.A.P.I. DE C.V","CUAD-CISCO",,"Desconocido"
"Activo","BACHOCO, S.A. DE C.V.","CUAD-CISCO",,"Planeación-Operativo-Desconocido"
"Cancelado","FIRST MAJESTIC PLATA,S.A. DE C.V.","CUAD-BROADSOFT",,"Desconocido"
"Activo","MULTIASISTENCIA, S.A DE C.V","CUAD-AVAYA",,"Planeación-Implementación"
"Activo","TRIARA.COM, S.A. DE C.V.","CUAD-CISCO",,"Operativo"
"Activo","ENERGIAS RENOVABLES LA MATA SAPI DE CV","CUAD-CISCO",,"Nuevo"
"Activo","SERVICIOS DE COBRANZA, RECUPERACION Y SEGUIMIENTO SA DE CV","CUAD-AVAYA",,"Nuevo"
"Activo","CORPORACION DE ENERGIA MEXOIL SAPI DE CV","CUAD-CISCO",,"Nuevo"
"Activo","MUNICIPIO DE JEREZ","CUAD-BROADSOFT",,"Nuevo-Planeación"
"Activo","FISCALIA GENERAL DEL ESTADO DE QUINTANA ROO","CUAD-BROADSOFT",,"Nuevo"
"Activo","BBVA BANCOMER S.A.","CUAD-CISCO",,"Implementación-Desconocido"
"Activo","SANOH INDUSTRIAL DE MEXICO, S.A. DE C.V.","CUAD-AVAYA",,"Nuevo-Planeación"
"Activo","COOPERATIVA LA CRUZ AZUL S.C.L.","CUAD-AVAYA","[""copcca""]","Nuevo"
"Activo","OPTICAS DEVLYN","CUAD-BROADSOFT",,"Planeación"
"Activo","AFIANZADORA SOFIMEX, S.A.","CUAD-CISCO",,"Planeación-Operativo-Desconocido"
"Activo","SILICES DE VERACRUZ S.A. DE C.V.","CUAD-BROADSOFT","[""famosa""]","Operativo"
"Activo","ESTACION PIRU SA DE CV","CUAD-BROADSOFT",,"Planeación"
"Activo","MAN TRUCK & BUS MEXICO, S.A. DE C.V.","CUAD-BROADSOFT",,"Planeación-Implementación-Operativo"
"Activo","EQUIPOS PARA MERCADOS, S.A. DE C.V.","CUAD-BROADSOFT","[""eme""]","Operativo"
"Activo","CARNIVAL DE MEXICO SA DE CV","CUAD-BROADSOFT",,"Nuevo"
"Activo","BBVA BANCOMER S.A. INSTITUCION DE BANCA MULTIPLE GRUPO FINANCIERO BBVA BANCOMER","CUAD-CISCO",,"Implementación-Desconocido"
"Activo","PALACIO DE HIERRO","CUAD-CISCO",,"Nuevo"
"Activo","PALACIO DE HIERRO","CUAD-AVAYA",,"Nuevo"
"Activo","MAPFRE MÉXICO, S.A.","CUAD-CISCO",,"Nuevo"
"Activo","GRUPO VALE EURO RSCG, S.A DE C.V","CUAD-BROADSOFT",,"Nuevo-Operativo"
"Activo","AJEMEX, S.A. DE C.V.","CUAD-AVAYA",,"Nuevo"
"Activo","PENSIONES BANORTE SA DE CV GRUPO FINANCIERO BANORTE","CUAD-CISCO",,"Nuevo"
"Activo","CARSO ELECTRIC, S.A. DE C.V.","CUAD-CISCO",,"Nuevo"
"Activo","SERVICIOS ONCOLOGICOS DEL NORESTE","CUAD-BROADSOFT",,"Nuevo"
"Activo","SANOH INDUSTRIAL DE MEXICO, S.A. DE C.V.","CUAD-BROADSOFT",,"Nuevo"
"Activo","DIEHL CONTROLS MEXICO, S.A. DE C.V.","CUAD-BROADSOFT",,"Nuevo"
"Activo","PASE, SERVICIOS ELECTRONICOS S.A DE C.V.","CUAD-AVAYA",,"Nuevo"
"Activo","BANCO DEL BIENESTAR, SOCIEDAD NACIONAL DE CRÉDITO, INSTITUCIÓN DE BANCA DE DESAR","CUAD-CISCO",,"Nuevo"
"Activo","APOLO TEXTIL, S.A. DE C.V.","CUAD-AVAYA",,"Nuevo"
"Activo","BANCO DEL BIENESTAR, SOCIEDAD NACIONAL DE CRÉDITO, INSTITUCIÓN DE BANCA DE DESAR","CUAD-AVAYA",,"Nuevo"
"Activo","LISTER LABORATORIO DE REFERENCIA, S.A. DE C.V.","CUAD-BROADSOFT",,"Nuevo"
"Activo","NACIONAL MONTE DE PIEDAD, I.A.P.","CUAD-CISCO",,"Nuevo"
"Activo","INMOBILIARIA AMARA S.A. DE C.V.","CUAD-BROADSOFT",,"Nuevo"
"Activo","CHIHUAHUA ELECTRICAL WIRING SYSTEMS, S. DE R.L. DE C.V.","CUAD-BROADSOFT",,"Nuevo"
"Activo","INVESTA BANK, S. A. INSTITUCION DE BANCA MULTIPLE","CUAD-AVAYA",,"Nuevo"
"Activo","SECRETARIA DE SEGURIDAD PUBLICA DEL ESTADO DE VERACRUZ","CUAD-AVAYA",,"Nuevo"
"Activo","SECRETARIA DE SEGURIDAD PUBLICA DEL ESTADO DE VERACRUZ","CUAD-BROADSOFT",,"Nuevo"
"Activo","CLARO","CUAD-BROADSOFT",,"Nuevo"
"Activo","CERRACO MEX S.A. DE C.V.","CUAD-BROADSOFT",,"Nuevo"
"Activo","ROYAL MOTRIZ S.A. DE C.V.","CUAD-CISCO",,"Nuevo"
"Activo","PRODUCTOS AVICOLAS EL CALVARIO","CUAD-AVAYA",,"Nuevo"
"Activo","PRODUCTOS AVICOLAS EL CALVARIO","CUAD-BROADSOFT",,"Nuevo"
"Activo","ENERGIA LIMPIA DE AMISTAD","CUAD-CISCO",,"Nuevo"
"Activo","VILLANUEVA SOLAR SA DE CV","CUAD-AVAYA",,"Nuevo"
"Activo","PARQUE SOLAR VILLANUEVA TRES SA DE CV","CUAD-CISCO",,"Nuevo"
"Activo","EGP MAGDALENA SOLAR S.A. DE C.V.","CUAD-CISCO",,"Nuevo"
"Activo","PARQUE SALITRILLOS SA DE CV","CUAD-CISCO",,"Nuevo"
"Activo","EOLICA ZOPILOAPAN S.A.P.I. DE C.V.","CUAD-CISCO",,"Nuevo"
"Activo","PARQUE SOLAR DON JOSE SA DE CV","CUAD-CISCO",,"Nuevo"
"Activo","PARQUE AMISTAD III S.A. DE C.V.","CUAD-CISCO",,"Nuevo"
"Activo","DOLORES WIND S.A. DE C.V.","CUAD-CISCO",,"Nuevo"
"Cancelado","ENERGIAS RENOVABLES LA MATA SAPI DE CV","CUAD-AVAYA",,"Nuevo"
"Activo","VILLANUEVA SOLAR SA DE CV","CUAD-CISCO",,"Nuevo"
"Activo","ELEMENTIA SERVICIOS ADMINISTRATIVOS S.A DE C.V","CUAD-BROADSOFT",,"Nuevo"
"Activo","MUNICIPIO DE SALINAS VICTORIA NUEVO LEON","CUAD-AVAYA",,"Nuevo"
"Activo","GOBIERNO DEL ESTADO DE PUEBLA.","CUAD-AVAYA",,"Nuevo"
"Activo","NACIONAL MONTE DE PIEDAD, I.A.P.","CUAD-AVAYA",,"Nuevo"
"Activo","GRUPO LOYGA SA DE CV","CUAD-AVAYA",,"Nuevo"
"Activo","CAJA INMACULADA SC DE AP DE RL DE CV","CUAD-BROADSOFT",,"Nuevo"
"Activo","HISENSE MEXICO, S. DE R.L. DE C.V.","CUAD-AVAYA",,"Nuevo"
"Activo","PASE, SERVICIOS ELECTRONICOS S.A DE C.V.","CUAD-BROADSOFT",,"Nuevo"
"Activo","MULTISERVICIOS NIETO S.A. DE C.V.","CUAD-BROADSOFT",,"Nuevo"
"Cancelado","ANUNCIOS EN DIRECTORIOS, S.A.DE C.V.","CUAD-AVAYA",,"Nuevo"
"Cancelado","AXALTA COATING SYSTEMS MEXICO S DE RL DE CV","CUAD-CISCO",,"Nuevo"
"Activo","CONCRETOS CRUZ AZUL, S.A. DE C.V.","CUAD-CISCO",,"Nuevo"
"Cancelado","ALQUILADORA DE VEHICULOS AUTOMOTORES","CUAD-AVAYA",,"Nuevo"
"Activo","SERVICIOS PARA TI S.A. DE C.V.","CUAD-AVAYA",,"Nuevo"
"Activo","MAGNA ASSEMBLY SYSTEMS DE MEXICO SA DE CV","CUAD-CISCO",,"Nuevo"
"Activo","INSTITUTO TECNOLOGICO SUPERIOR DE FRESNILLO","CUAD-BROADSOFT",,"Nuevo"
"Activo","UNIVERSIDAD POLITECNICA DE TAPACHULA","CUAD-BROADSOFT",,"Nuevo"