"groupId","services","empresa","user"
"AMX_1683598","[""Call Forwarding Always""]","AMX_Ent_1263806","AMX_1683598_HG151047@pbxcloud.mx"
"AMX_1501573","[""Call Forwarding Always""]","AMX_Ent_1322847","AMX_1501573_HG73857@pbxcloud.mx"
"AMX_1516866","[""Call Forwarding Always""]","AMX_Ent_1333158","AMX_1516866_HG73526@pbxcloud.mx"
"AMX_1527488","[""Call Forwarding Busy""]","AMX_Ent_1340057","AMX_1527488_HG73480@pbxcloud.mx"
"AMX_1527488","[""Call Forwarding Busy""]","AMX_Ent_1340057","AMX_1527488_HG73492@pbxcloud.mx"
"AMX_1527488","[""Call Forwarding Busy""]","AMX_Ent_1340057","AMX_1527488_HG73498@pbxcloud.mx"
"AMX_1527488","[""Call Forwarding Always"",""Selective Call Rejection""]","AMX_Ent_1340057","AMX_1527488_HG73699@pbxcloud.mx"
"AMX_1527488","[""Call Forwarding Always"",""Selective Call Rejection""]","AMX_Ent_1340057","AMX_1527488_HG73705@pbxcloud.mx"
"AMX_1527488","[""Call Forwarding Always"",""Selective Call Rejection""]","AMX_Ent_1340057","AMX_1527488_HG73712@pbxcloud.mx"
"AMX_1527488","[""Call Forwarding Always"",""Selective Call Rejection""]","AMX_Ent_1340057","AMX_1527488_HG73719@pbxcloud.mx"
"AMX_1527488","[""Call Forwarding Always"",""Selective Call Rejection""]","AMX_Ent_1340057","AMX_1527488_HG73725@pbxcloud.mx"
"AMX_2942996","[""Call Forwarding Always""]","AMX_Ent_1369069","AMX_2942996_HG153091@pbxcloud.mx"
"AMX_2942996","[""Call Forwarding Always""]","AMX_Ent_1369069","AMX_2942996_HG153322@pbxcloud.mx"
"AMX_2942996","[""Call Forwarding Always""]","AMX_Ent_1369069","AMX_2942996_HG153330@pbxcloud.mx"
"AMX_2942996","[""Call Forwarding Always""]","AMX_Ent_1369069","AMX_2942996_HG153340@pbxcloud.mx"
"AMX_2942996","[""Call Forwarding Always""]","AMX_Ent_1369069","AMX_2942996_HG153346@pbxcloud.mx"
"AMX_2200337","[""Call Forwarding Always"",""Call Forwarding Busy""]","AMX_Ent_1382476","AMX_2200337_HG147781@pbxcloud.mx"
"AMX_2200337","[""Call Forwarding Always"",""Call Forwarding Busy""]","AMX_Ent_1382476","AMX_2200337_HG147846@pbxcloud.mx"
"AMX_2200337","[""Call Forwarding Always"",""Call Forwarding Busy""]","AMX_Ent_1382476","AMX_2200337_HG147855@pbxcloud.mx"
"AMX_1615035","[""Selective Call Rejection""]","AMX_Ent_1388110","AMX_1615035_HG149685@pbxcloud.mx"
"AMX_1621162","[""Call Forwarding Always""]","AMX_Ent_1391245","AMX_1621162_HG73878@pbxcloud.mx"
"AMX_1621162","[""Call Forwarding Always""]","AMX_Ent_1391245","AMX_1621162_HG73900@pbxcloud.mx"
"AMX_1621162","[""Call Forwarding Always""]","AMX_Ent_1391245","AMX_1621162_HG73907@pbxcloud.mx"
"AMX_1621162","[""Call Forwarding Always""]","AMX_Ent_1391245","AMX_1621162_HG73914@pbxcloud.mx"
"AMX_1637440","[""Call Forwarding Always""]","AMX_Ent_1399592","AMX_1637440_HG73975@pbxcloud.mx"
"AMX_1637440","[""Call Forwarding Always""]","AMX_Ent_1399592","AMX_1637440_HG73982@pbxcloud.mx"
"AMX_1750417","[""Call Forwarding Always""]","AMX_Ent_1399592","AMX_1750417_HG75459@pbxcloud.mx"
"AMX_2358980","[""Call Forwarding Always""]","AMX_Ent_1405165","AMX_2358980_HG148299@pbxcloud.mx"
"AMX_2358980","[""Call Forwarding Always""]","AMX_Ent_1405165","AMX_2358980_HG148308@pbxcloud.mx"
"AMX_2358980","[""Call Forwarding Always""]","AMX_Ent_1405165","AMX_2358980_HG148314@pbxcloud.mx"
"AMX_2360977","[""Call Forwarding Always""]","AMX_Ent_1405165","AMX_2360977_HG148320@pbxcloud.mx"
"AMX_2360977","[""Call Forwarding Always""]","AMX_Ent_1405165","AMX_2360977_HG148329@pbxcloud.mx"
"AMX_1663186","[""Call Forwarding Always""]","AMX_Ent_1413253","AMX_1663186_HG74191@pbxcloud.mx"
"AMX_1663186","[""Call Forwarding Always""]","AMX_Ent_1413253","AMX_1663186_HG74205@pbxcloud.mx"
"AMX_1663186","[""Call Forwarding Always""]","AMX_Ent_1413253","AMX_1663186_HG74233@pbxcloud.mx"
"AMX_1677347","[""Call Forwarding Always""]","AMX_Ent_1416182","AMX_1677347_HG74469@pbxcloud.mx"
"AMX_1677347","[""Call Forwarding Always""]","AMX_Ent_1416182","AMX_1677347_HG74476@pbxcloud.mx"
"AMX_2309200","[""Call Forwarding Always""]","AMX_Ent_1416182","AMX_2309200_HG147996@pbxcloud.mx"
"AMX_1696458","[""Call Forwarding Always""]","AMX_Ent_1417891","AMX_1696458_HG152949@pbxcloud.mx"
"AMX_1674217","[""Call Forwarding Always""]","AMX_Ent_1419198","AMX_1674217_HG74111@pbxcloud.mx"
"AMX_1955013","[""Call Forwarding Always"",""Call Forwarding Busy""]","AMX_Ent_1419198","AMX_1955013_HG147111@pbxcloud.mx"
"AMX_2876556","[""Call Forwarding Always""]","AMX_Ent_1432517","AMX_2876556_HG152011@pbxcloud.mx"
"AMX_2876556","[""Call Forwarding Always""]","AMX_Ent_1432517","AMX_2876556_HG152021@pbxcloud.mx"
"AMX_2876556","[""Call Forwarding Always""]","AMX_Ent_1432517","AMX_2876556_HG152031@pbxcloud.mx"
"AMX_1700398","[""Call Forwarding Always""]","AMX_Ent_1433528","AMX_1700398_HG74976@pbxcloud.mx"
"AMX_1700398","[""Call Forwarding Always""]","AMX_Ent_1433528","AMX_1700398_HG74982@pbxcloud.mx"
"AMX_1700398","[""Call Forwarding Always""]","AMX_Ent_1433528","AMX_1700398_HG74988@pbxcloud.mx"
"AMX_1700398","[""Call Forwarding Always""]","AMX_Ent_1433528","AMX_1700398_HG74994@pbxcloud.mx"
"AMX_1700398","[""Call Forwarding Always""]","AMX_Ent_1433528","AMX_1700398_HG75000@pbxcloud.mx"
"AMX_1711523","[""Call Forwarding Always""]","AMX_Ent_1433528","AMX_1711523_HG75021@pbxcloud.mx"
"AMX_1711523","[""Call Forwarding Always""]","AMX_Ent_1433528","AMX_1711523_HG75027@pbxcloud.mx"
"AMX_1711523","[""Call Forwarding Always""]","AMX_Ent_1433528","AMX_1711523_HG75033@pbxcloud.mx"
"AMX_1711523","[""Call Forwarding Always""]","AMX_Ent_1433528","AMX_1711523_HG75039@pbxcloud.mx"
"AMX_1701602","[""Call Forwarding Always""]","AMX_Ent_1434516","AMX_1701602_HG152375@pbxcloud.mx"
"AMX_1701602","[""Call Forwarding Always""]","AMX_Ent_1434516","AMX_1701602_HG152384@pbxcloud.mx"
"AMX_1835385","[""Call Forwarding Always""]","AMX_Ent_1439143","AMX_1835385_HG75733@pbxcloud.mx"
"AMX_1730469","[""Call Forwarding Busy"",""Voice Messaging User""]","AMX_Ent_1443342","AMX_1730469_HG75323@pbxcloud.mx"
"AMX_1730469","[""Call Forwarding Always"",""Call Forwarding Busy"",""Voice Messaging User""]","AMX_Ent_1443342","AMX_1730469_HG75330@pbxcloud.mx"
"AMX_1730469","[""Call Forwarding Always"",""Voice Messaging User""]","AMX_Ent_1443342","AMX_1730469_HG75396@pbxcloud.mx"
"AMX_1730469","[""Call Forwarding Busy"",""Voice Messaging User""]","AMX_Ent_1443342","AMX_1730469_HG75403@pbxcloud.mx"
"AMX_1730469","[""Call Forwarding Busy"",""Voice Messaging User""]","AMX_Ent_1443342","AMX_1730469_HG75410@pbxcloud.mx"
"AMX_1730469","[""Call Forwarding Always"",""Call Forwarding Busy"",""Voice Messaging User""]","AMX_Ent_1443342","AMX_1730469_HG75417@pbxcloud.mx"
"AMX_1731382","[""Call Forwarding Always""]","AMX_Ent_1443342","AMX_1731382_HG75349@pbxcloud.mx"
"AMX_1731382","[""Call Forwarding Always""]","AMX_Ent_1443342","AMX_1731382_HG75357@pbxcloud.mx"
"AMX_1731382","[""Call Forwarding Always""]","AMX_Ent_1443342","AMX_1731382_HG75363@pbxcloud.mx"
"AMX_1731382","[""Call Forwarding Always""]","AMX_Ent_1443342","AMX_1731382_HG75369@pbxcloud.mx"
"AMX_3277925","[""Call Forwarding Always""]","AMX_Ent_1450911","AMX_3277925_HG154701@pbxcloud.mx"
"AMX_3277925","[""Call Forwarding Always""]","AMX_Ent_1450911","AMX_3277925_HG154710@pbxcloud.mx"
"AMX_2176952","[""Call Forwarding Always""]","AMX_Ent_1453754","AMX_2176952_HG147877@pbxcloud.mx"
"AMX_2176952","[""Call Forwarding Always""]","AMX_Ent_1453754","AMX_2176952_HG147883@pbxcloud.mx"
"AMX_2176952","[""Call Forwarding Always""]","AMX_Ent_1453754","AMX_2176952_HG147890@pbxcloud.mx"
"AMX_2176995","[""Call Forwarding Always""]","AMX_Ent_1453754","AMX_2176995_HG148257@pbxcloud.mx"
"AMX_2177022","[""Call Forwarding Always""]","AMX_Ent_1453754","AMX_2177022_HG148264@pbxcloud.mx"
"AMX_2208468","[""Call Forwarding Always""]","AMX_Ent_1453754","AMX_2208468_HG148270@pbxcloud.mx"
"AMX_2263413","[""Call Forwarding Always""]","AMX_Ent_1453754","AMX_2263413_HG148250@pbxcloud.mx"
"AMX_1816927","[""Call Forwarding Busy""]","AMX_Ent_1469542","AMX_1816927_HG75770@pbxcloud.mx"
"AMX_1816927","[""Call Forwarding Always""]","AMX_Ent_1469542","AMX_1816927_HG75820@pbxcloud.mx"
"AMX_1816927","[""Call Forwarding Always"",""Call Forwarding Busy""]","AMX_Ent_1469542","AMX_1816927_HG75834@pbxcloud.mx"
"AMX_2656348","[""Call Forwarding Busy""]","AMX_Ent_1503488","AMX_2656348_HG150449@pbxcloud.mx"
"AMX_2632104","[""Call Forwarding Always""]","AMX_Ent_1535910","AMX_2632104_HG150250@pbxcloud.mx"
"AMX_3006558","[""Call Forwarding Always""]","AMX_Ent_1581840","AMX_3006558_HG153198@pbxcloud.mx"
"AMX_3006558","[""Call Forwarding Always""]","AMX_Ent_1581840","AMX_3006558_HG153207@pbxcloud.mx"
"AMX_2892698","[""Call Forwarding Always""]","AMX_Ent_1582377","AMX_2892698_HG152440@pbxcloud.mx"
"AMX_2892698","[""Call Forwarding Always""]","AMX_Ent_1582377","AMX_2892698_HG152467@pbxcloud.mx"
"AMX_2892698","[""Call Forwarding Always""]","AMX_Ent_1582377","AMX_2892698_HG152476@pbxcloud.mx"
"AMX_2892698","[""Call Forwarding Always""]","AMX_Ent_1582377","AMX_2892698_HG152485@pbxcloud.mx"
"AMX_2892698","[""Call Forwarding Always""]","AMX_Ent_1582377","AMX_2892698_HG152494@pbxcloud.mx"
"AMX_2892698","[""Call Forwarding Always""]","AMX_Ent_1582377","AMX_2892698_HG152503@pbxcloud.mx"
"AMX_2913606","[""Call Forwarding Always""]","AMX_Ent_1582377","AMX_2913606_HG152416@pbxcloud.mx"
"AMX_2913606","[""Call Forwarding Always""]","AMX_Ent_1582377","AMX_2913606_HG152426@pbxcloud.mx"
"AMX_2913606","[""Call Forwarding Always""]","AMX_Ent_1582377","AMX_2913606_HG152449@pbxcloud.mx"
"AMX_2913606","[""Call Forwarding Always""]","AMX_Ent_1582377","AMX_2913606_HG152458@pbxcloud.mx"
"AMX_3061023","[""Call Forwarding Always""]","AMX_Ent_1635121","AMX_3061023_HG154305@pbxcloud.mx"
"AMX_3061023","[""Call Forwarding Always""]","AMX_Ent_1635121","AMX_3061023_HG154311@pbxcloud.mx"
"AMX_3061023","[""Call Forwarding Always""]","AMX_Ent_1635121","AMX_3061023_HG154318@pbxcloud.mx"
"AMX_1994789","[""Call Forwarding Always""]","AMX_Ent_1655484","AMX_1994789_HG147243@pbxcloud.mx"
"AMX_2088642","[""Call Forwarding Always""]","AMX_Ent_1685113","AMX_2088642_HG147261@pbxcloud.mx"
"AMX_2088642","[""Call Forwarding Always""]","AMX_Ent_1685113","AMX_2088642_HG147270@pbxcloud.mx"
"AMX_2088642","[""Call Forwarding Always"",""Call Forwarding Busy""]","AMX_Ent_1685113","AMX_2088642_HG147279@pbxcloud.mx"
"AMX_2088642","[""Call Forwarding Always""]","AMX_Ent_1685113","AMX_2088642_HG147311@pbxcloud.mx"
"AMX_2088642","[""Call Forwarding Always""]","AMX_Ent_1685113","AMX_2088642_HG147317@pbxcloud.mx"
"AMX_2088642","[""Call Forwarding Always""]","AMX_Ent_1685113","AMX_2088642_HG147323@pbxcloud.mx"
"AMX_2088525","[""Call Forwarding Always""]","AMX_Ent_1720207","AMX_2088525_HG147403@pbxcloud.mx"
"AMX_2088525","[""Call Forwarding Always""]","AMX_Ent_1720207","AMX_2088525_HG148500@pbxcloud.mx"
"AMX_2431090","[""Call Forwarding Always""]","AMX_Ent_1749201","AMX_2431090_HG152110@pbxcloud.mx"
"AMX_2431090","[""Call Forwarding Always""]","AMX_Ent_1749201","AMX_2431090_HG152117@pbxcloud.mx"
"AMX_2431090","[""Call Forwarding Always""]","AMX_Ent_1749201","AMX_2431090_HG152123@pbxcloud.mx"
"AMX_2431090","[""Call Forwarding Always""]","AMX_Ent_1749201","AMX_2431090_HG152129@pbxcloud.mx"
"AMX_2431090","[""Call Forwarding Always""]","AMX_Ent_1749201","AMX_2431090_HG152136@pbxcloud.mx"
"AMX_2146250","[""Call Forwarding Always""]","AMX_Ent_1751480","AMX_2146250_HG147432@pbxcloud.mx"
"AMX_2146250","[""Call Forwarding Always""]","AMX_Ent_1751480","AMX_2146250_HG147441@pbxcloud.mx"
"AMX_2146250","[""Call Forwarding Always""]","AMX_Ent_1751480","AMX_2146250_HG147447@pbxcloud.mx"
"AMX_2137505","[""Call Forwarding Always""]","AMX_Ent_1765558","AMX_2137505_HG151704@pbxcloud.mx"
"AMX_2137505","[""Call Forwarding Always""]","AMX_Ent_1765558","AMX_2137505_HG151710@pbxcloud.mx"
"AMX_2137505","[""Call Forwarding Always""]","AMX_Ent_1765558","AMX_2137505_HG151716@pbxcloud.mx"
"AMX_2137505","[""Call Forwarding Always""]","AMX_Ent_1765558","AMX_2137505_HG151722@pbxcloud.mx"
"AMX_2137505","[""Call Forwarding Always""]","AMX_Ent_1765558","AMX_2137505_HG151729@pbxcloud.mx"
"AMX_2165993","[""Call Forwarding Always""]","AMX_Ent_1765558","AMX_2165993_HG148996@pbxcloud.mx"
"AMX_2165993","[""Call Forwarding Always""]","AMX_Ent_1765558","AMX_2165993_HG151756@pbxcloud.mx"
"AMX_2165993","[""Call Forwarding Always""]","AMX_Ent_1765558","AMX_2165993_HG151768@pbxcloud.mx"
"AMX_2165993","[""Call Forwarding Always""]","AMX_Ent_1765558","AMX_2165993_HG151775@pbxcloud.mx"
"AMX_2165993","[""Call Forwarding Always""]","AMX_Ent_1765558","AMX_2165993_HG151782@pbxcloud.mx"
"AMX_2145349","[""Call Forwarding Always""]","AMX_Ent_1772869","AMX_2145349_HG147902@pbxcloud.mx"
"AMX_3007571","[""Call Forwarding Busy""]","AMX_Ent_1806258","AMX_3007571_HG153693@pbxcloud.mx"
"AMX_2220420","[""Call Forwarding Always""]","AMX_Ent_1841802","AMX_2220420_HG147742@pbxcloud.mx"
"AMX_2220420","[""Call Forwarding Always""]","AMX_Ent_1841802","AMX_2220420_HG147748@pbxcloud.mx"
"AMX_2220420","[""Call Forwarding Always""]","AMX_Ent_1841802","AMX_2220420_HG147755@pbxcloud.mx"
"AMX_2220420","[""Call Forwarding Always""]","AMX_Ent_1841802","AMX_2220420_HG147791@pbxcloud.mx"
"AMX_2284436","[""Call Forwarding Always""]","AMX_Ent_1841802","AMX_2284436_HG148044@pbxcloud.mx"
"AMX_2284436","[""Call Forwarding Always""]","AMX_Ent_1841802","AMX_2284436_HG148056@pbxcloud.mx"
"AMX_2284436","[""Call Forwarding Always""]","AMX_Ent_1841802","AMX_2284436_HG148062@pbxcloud.mx"
"AMX_2236515","[""Call Forwarding Always""]","AMX_Ent_1854586","AMX_2236515_HG148081@pbxcloud.mx"
"AMX_2236515","[""Call Forwarding Always""]","AMX_Ent_1854586","AMX_2236515_HG150838@pbxcloud.mx"
"AMX_2361091","[""Call Forwarding Always""]","AMX_Ent_1932130","AMX_2361091_HG148347@pbxcloud.mx"
"AMX_2361091","[""Call Forwarding Always""]","AMX_Ent_1932130","AMX_2361091_HG148356@pbxcloud.mx"
"AMX_2392450","[""Call Forwarding Always""]","AMX_Ent_1952379","AMX_2392450_HG148200@pbxcloud.mx"
"AMX_2392450","[""Call Forwarding Always""]","AMX_Ent_1952379","AMX_2392450_HG148217@pbxcloud.mx"
"AMX_2392450","[""Call Forwarding Always""]","AMX_Ent_1952379","AMX_2392450_HG148223@pbxcloud.mx"
"AMX_2392450","[""Call Forwarding Always""]","AMX_Ent_1952379","AMX_2392450_HG148230@pbxcloud.mx"
"AMX_2392450","[""Call Forwarding Always""]","AMX_Ent_1952379","AMX_2392450_HG148237@pbxcloud.mx"
"AMX_2409326","[""Call Forwarding Always""]","AMX_Ent_1952379","AMX_2409326_HG148482@pbxcloud.mx"
"AMX_2409326","[""Call Forwarding Always""]","AMX_Ent_1952379","AMX_2409326_HG148488@pbxcloud.mx"
"AMX_2409326","[""Call Forwarding Always""]","AMX_Ent_1952379","AMX_2409326_HG148494@pbxcloud.mx"
"AMX_2409326","[""Call Forwarding Always""]","AMX_Ent_1952379","AMX_2409326_HG148877@pbxcloud.mx"
"AMX_2422558","[""Call Forwarding Always""]","AMX_Ent_1952379","AMX_2422558_HG148428@pbxcloud.mx"
"AMX_2422558","[""Call Forwarding Always""]","AMX_Ent_1952379","AMX_2422558_HG148434@pbxcloud.mx"
"AMX_2422558","[""Call Forwarding Always""]","AMX_Ent_1952379","AMX_2422558_HG148440@pbxcloud.mx"
"AMX_2422558","[""Call Forwarding Always""]","AMX_Ent_1952379","AMX_2422558_HG148446@pbxcloud.mx"
"AMX_2422558","[""Call Forwarding Always""]","AMX_Ent_1952379","AMX_2422558_HG148452@pbxcloud.mx"
"AMX_2422558","[""Call Forwarding Always""]","AMX_Ent_1952379","AMX_2422558_HG148458@pbxcloud.mx"
"AMX_2424218","[""Call Forwarding Always""]","AMX_Ent_1952379","AMX_2424218_HG148507@pbxcloud.mx"
"AMX_2424218","[""Call Forwarding Always""]","AMX_Ent_1952379","AMX_2424218_HG148513@pbxcloud.mx"
"AMX_2424218","[""Call Forwarding Always""]","AMX_Ent_1952379","AMX_2424218_HG148519@pbxcloud.mx"
"AMX_2424218","[""Call Forwarding Always""]","AMX_Ent_1952379","AMX_2424218_HG148525@pbxcloud.mx"
"AMX_2424218","[""Call Forwarding Always""]","AMX_Ent_1952379","AMX_2424218_HG148531@pbxcloud.mx"
"AMX_2424218","[""Call Forwarding Always""]","AMX_Ent_1952379","AMX_2424218_HG148537@pbxcloud.mx"
"AMX_2424886","[""Call Forwarding Always""]","AMX_Ent_1952379","AMX_2424886_HG148623@pbxcloud.mx"
"AMX_2424886","[""Call Forwarding Always""]","AMX_Ent_1952379","AMX_2424886_HG148631@pbxcloud.mx"
"AMX_2424886","[""Call Forwarding Always""]","AMX_Ent_1952379","AMX_2424886_HG148637@pbxcloud.mx"
"AMX_2425364","[""Call Forwarding Always""]","AMX_Ent_1952379","AMX_2425364_HG148543@pbxcloud.mx"
"AMX_2425364","[""Call Forwarding Always""]","AMX_Ent_1952379","AMX_2425364_HG148549@pbxcloud.mx"
"AMX_2425364","[""Call Forwarding Always""]","AMX_Ent_1952379","AMX_2425364_HG148558@pbxcloud.mx"
"AMX_2425652","[""Call Forwarding Always""]","AMX_Ent_1952379","AMX_2425652_HG148643@pbxcloud.mx"
"AMX_2425652","[""Call Forwarding Always""]","AMX_Ent_1952379","AMX_2425652_HG148649@pbxcloud.mx"
"AMX_2425652","[""Call Forwarding Always""]","AMX_Ent_1952379","AMX_2425652_HG148655@pbxcloud.mx"
"AMX_2425652","[""Call Forwarding Always""]","AMX_Ent_1952379","AMX_2425652_HG148661@pbxcloud.mx"
"AMX_2425652","[""Call Forwarding Always""]","AMX_Ent_1952379","AMX_2425652_HG148667@pbxcloud.mx"
"AMX_2425652","[""Call Forwarding Always""]","AMX_Ent_1952379","AMX_2425652_HG148673@pbxcloud.mx"
"AMX_2425754","[""Call Forwarding Always""]","AMX_Ent_1952379","AMX_2425754_HG148679@pbxcloud.mx"
"AMX_2425754","[""Call Forwarding Always""]","AMX_Ent_1952379","AMX_2425754_HG148685@pbxcloud.mx"
"AMX_2425754","[""Call Forwarding Always""]","AMX_Ent_1952379","AMX_2425754_HG148694@pbxcloud.mx"
"AMX_2425754","[""Call Forwarding Always""]","AMX_Ent_1952379","AMX_2425754_HG148700@pbxcloud.mx"
"AMX_2425754","[""Call Forwarding Always""]","AMX_Ent_1952379","AMX_2425754_HG148706@pbxcloud.mx"
"AMX_2425781","[""Call Forwarding Always""]","AMX_Ent_1952379","AMX_2425781_HG148713@pbxcloud.mx"
"AMX_2425781","[""Call Forwarding Always""]","AMX_Ent_1952379","AMX_2425781_HG148719@pbxcloud.mx"
"AMX_2425781","[""Call Forwarding Always""]","AMX_Ent_1952379","AMX_2425781_HG148727@pbxcloud.mx"
"AMX_2425781","[""Call Forwarding Always""]","AMX_Ent_1952379","AMX_2425781_HG148733@pbxcloud.mx"
"AMX_2425781","[""Call Forwarding Always""]","AMX_Ent_1952379","AMX_2425781_HG148739@pbxcloud.mx"
"AMX_2425781","[""Call Forwarding Always""]","AMX_Ent_1952379","AMX_2425781_HG148745@pbxcloud.mx"
"AMX_2425781","[""Call Forwarding Always""]","AMX_Ent_1952379","AMX_2425781_HG148751@pbxcloud.mx"
"AMX_2432574","[""Call Forwarding Always""]","AMX_Ent_1952379","AMX_2432574_HG148789@pbxcloud.mx"
"AMX_2432574","[""Call Forwarding Always""]","AMX_Ent_1952379","AMX_2432574_HG148798@pbxcloud.mx"
"AMX_2432574","[""Call Forwarding Always""]","AMX_Ent_1952379","AMX_2432574_HG148807@pbxcloud.mx"
"AMX_2432574","[""Call Forwarding Always""]","AMX_Ent_1952379","AMX_2432574_HG148816@pbxcloud.mx"
"AMX_2432574","[""Call Forwarding Always""]","AMX_Ent_1952379","AMX_2432574_HG148895@pbxcloud.mx"
"AMX_2433054","[""Call Forwarding Always""]","AMX_Ent_1952379","AMX_2433054_HG148837@pbxcloud.mx"
"AMX_2433054","[""Call Forwarding Always""]","AMX_Ent_1952379","AMX_2433054_HG148847@pbxcloud.mx"
"AMX_2433054","[""Call Forwarding Always""]","AMX_Ent_1952379","AMX_2433054_HG148853@pbxcloud.mx"
"AMX_2433054","[""Call Forwarding Always""]","AMX_Ent_1952379","AMX_2433054_HG148859@pbxcloud.mx"
"AMX_2433054","[""Call Forwarding Always""]","AMX_Ent_1952379","AMX_2433054_HG148865@pbxcloud.mx"
"AMX_2417744","[""Call Forwarding Always""]","AMX_Ent_1966829","AMX_2417744_HG149030@pbxcloud.mx"
"AMX_2441189","[""Call Forwarding Always""]","AMX_Ent_1980426","AMX_2441189_HG154436@pbxcloud.mx"
"AMX_2449915","[""Call Forwarding Always""]","AMX_Ent_1985273","AMX_2449915_HG149046@pbxcloud.mx"
"AMX_2449915","[""Call Forwarding Always""]","AMX_Ent_1985273","AMX_2449915_HG149052@pbxcloud.mx"
"AMX_2449915","[""Call Forwarding Always""]","AMX_Ent_1985273","AMX_2449915_HG149058@pbxcloud.mx"
"AMX_2454187","[""Call Forwarding Always""]","AMX_Ent_1987572","AMX_2454187_HG150456@pbxcloud.mx"
"AMX_2454187","[""Call Forwarding Always""]","AMX_Ent_1987572","AMX_2454187_HG150465@pbxcloud.mx"
"AMX_2458129","[""Call Forwarding Always""]","AMX_Ent_1989717","AMX_2458129_HG149264@pbxcloud.mx"
"AMX_2458129","[""Call Forwarding Always""]","AMX_Ent_1989717","AMX_2458129_HG149274@pbxcloud.mx"
"AMX_2458129","[""Call Forwarding Always""]","AMX_Ent_1989717","AMX_2458129_HG149281@pbxcloud.mx"
"AMX_2458129","[""Call Forwarding Always""]","AMX_Ent_1989717","AMX_2458129_HG149288@pbxcloud.mx"
"AMX_2479305","[""Call Forwarding Always""]","AMX_Ent_1989717","AMX_2479305_HG149468@pbxcloud.mx"
"AMX_2479305","[""Call Forwarding Always""]","AMX_Ent_1989717","AMX_2479305_HG149478@pbxcloud.mx"
"AMX_2479305","[""Call Forwarding Always""]","AMX_Ent_1989717","AMX_2479305_HG149487@pbxcloud.mx"
"AMX_2468251","[""Call Forwarding Always""]","AMX_Ent_1995114","AMX_2468251_HG149508@pbxcloud.mx"
"AMX_2476001","[""Call Forwarding Always""]","AMX_Ent_1999120","AMX_2476001_HG149376@pbxcloud.mx"
"AMX_2494114","[""Call Forwarding Always""]","AMX_Ent_2000508","AMX_2494114_HG149423@pbxcloud.mx"
"AMX_2748398","[""Call Forwarding Always""]","AMX_Ent_2042115","AMX_2748398_HG151672@pbxcloud.mx"
"AMX_2748398","[""Call Forwarding Always""]","AMX_Ent_2042115","AMX_2748398_HG151680@pbxcloud.mx"
"AMX_2748398","[""Call Forwarding Always""]","AMX_Ent_2042115","AMX_2748398_HG151687@pbxcloud.mx"
"AMX_2585398","[""Call Forwarding Always""]","AMX_Ent_2055947","AMX_2585398_HG150163@pbxcloud.mx"
"AMX_2585398","[""Call Forwarding Always""]","AMX_Ent_2055947","AMX_2585398_HG150171@pbxcloud.mx"
"AMX_2597971","[""Call Forwarding Always"",""Call Forwarding Busy""]","AMX_Ent_2062570","AMX_2597971_HG149996@pbxcloud.mx"
"AMX_2599176","[""Call Forwarding Always""]","AMX_Ent_2063322","AMX_2599176_HG150039@pbxcloud.mx"
"AMX_2599176","[""Call Forwarding Always""]","AMX_Ent_2063322","AMX_2599176_HG150139@pbxcloud.mx"
"AMX_2599176","[""Call Forwarding Always""]","AMX_Ent_2063322","AMX_2599176_HG151827@pbxcloud.mx"
"AMX_2644753","[""Call Forwarding Always""]","AMX_Ent_2063322","AMX_2644753_HG150396@pbxcloud.mx"
"AMX_2644753","[""Call Forwarding Always""]","AMX_Ent_2063322","AMX_2644753_HG150515@pbxcloud.mx"
"AMX_2644753","[""Call Forwarding Always""]","AMX_Ent_2063322","AMX_2644753_HG150954@pbxcloud.mx"
"AMX_2644753","[""Call Forwarding Always""]","AMX_Ent_2063322","AMX_2644753_HG151317@pbxcloud.mx"
"AMX_2644753","[""Call Forwarding Always""]","AMX_Ent_2063322","AMX_2644753_HG151404@pbxcloud.mx"
"AMX_2679359","[""Call Forwarding Always""]","AMX_Ent_2063322","AMX_2679359_HG150562@pbxcloud.mx"
"AMX_2679359","[""Call Forwarding Always""]","AMX_Ent_2063322","AMX_2679359_HG151386@pbxcloud.mx"
"AMX_2679359","[""Call Forwarding Always""]","AMX_Ent_2063322","AMX_2679359_HG151392@pbxcloud.mx"
"AMX_2679359","[""Call Forwarding Always""]","AMX_Ent_2063322","AMX_2679359_HG151398@pbxcloud.mx"
"AMX_2679359","[""Call Forwarding Always""]","AMX_Ent_2063322","AMX_2679359_HG151541@pbxcloud.mx"
"AMX_2602176","[""Call Forwarding Always""]","AMX_Ent_2065070","AMX_2602176_HG151329@pbxcloud.mx"
"AMX_2602176","[""Call Forwarding Always""]","AMX_Ent_2065070","AMX_2602176_HG151338@pbxcloud.mx"
"AMX_2602176","[""Call Forwarding Always""]","AMX_Ent_2065070","AMX_2602176_HG151347@pbxcloud.mx"
"AMX_2602176","[""Call Forwarding Always""]","AMX_Ent_2065070","AMX_2602176_HG151356@pbxcloud.mx"
"AMX_2602176","[""Call Forwarding Always""]","AMX_Ent_2065070","AMX_2602176_HG151365@pbxcloud.mx"
"AMX_2602176","[""Call Forwarding Always""]","AMX_Ent_2065070","AMX_2602176_HG151375@pbxcloud.mx"
"AMX_2705721","[""Call Forwarding Always""]","AMX_Ent_2065070","AMX_2705721_HG151430@pbxcloud.mx"
"AMX_2644181","[""Call Forwarding Always""]","AMX_Ent_2087589","AMX_2644181_HG151244@pbxcloud.mx"
"AMX_2746252","[""Call Forwarding Always""]","AMX_Ent_2097040","AMX_2746252_HG151452@pbxcloud.mx"
"AMX_2672519","[""Call Forwarding Always""]","AMX_Ent_2101454","AMX_2672519_HG150679@pbxcloud.mx"
"AMX_2672519","[""Call Forwarding Always""]","AMX_Ent_2101454","AMX_2672519_HG150697@pbxcloud.mx"
"AMX_2672519","[""Call Forwarding Always""]","AMX_Ent_2101454","AMX_2672519_HG150706@pbxcloud.mx"
"AMX_2672519","[""Call Forwarding Always""]","AMX_Ent_2101454","Hg-did-2@pbxcloud.mx"
"AMX_2672519","[""Call Forwarding Always""]","AMX_Ent_2101454","Hg-did@pbxcloud.mx"
"AMX_2766656","[""Call Forwarding Always""]","AMX_Ent_2101454","AMX_2766656_HG151472@pbxcloud.mx"
"AMX_2766656","[""Call Forwarding Always""]","AMX_Ent_2101454","AMX_2766656_HG151478@pbxcloud.mx"
"AMX_2766656","[""Call Forwarding Always""]","AMX_Ent_2101454","AMX_2766656_HG151491@pbxcloud.mx"
"AMX_2766656","[""Call Forwarding Always""]","AMX_Ent_2101454","AMX_2766656_HG151498@pbxcloud.mx"
"AMX_2684334","[""Call Forwarding Busy""]","AMX_Ent_2109973","AMX_2684334_HG150574@pbxcloud.mx"
"AMX_2725631","[""Call Forwarding Always""]","AMX_Ent_2116994","AMX_2725631_HG151308@pbxcloud.mx"
"AMX_2729690","[""Call Forwarding Always""]","AMX_Ent_2135505","AMX_2729690_HG152575@pbxcloud.mx"
"AMX_2729690","[""Call Forwarding Always""]","AMX_Ent_2135505","AMX_2729690_HG152583@pbxcloud.mx"
"AMX_2729690","[""Call Forwarding Always""]","AMX_Ent_2135505","AMX_2729690_HG152593@pbxcloud.mx"
"AMX_2729690","[""Call Forwarding Always""]","AMX_Ent_2135505","AMX_2729690_HG152599@pbxcloud.mx"
"AMX_2729690","[""Call Forwarding Always""]","AMX_Ent_2135505","AMX_2729690_HG152608@pbxcloud.mx"
"AMX_2729690","[""Call Forwarding Always""]","AMX_Ent_2135505","AMX_2729690_HG152616@pbxcloud.mx"
"AMX_2865358","[""Call Forwarding Always""]","AMX_Ent_2144080","AMX_2865358_HG151937@pbxcloud.mx"
"AMX_2865358","[""Call Forwarding Always""]","AMX_Ent_2144080","AMX_2865358_HG151947@pbxcloud.mx"
"AMX_2865358","[""Call Forwarding Always""]","AMX_Ent_2144080","AMX_2865358_HG151955@pbxcloud.mx"
"AMX_2865358","[""Call Forwarding Always""]","AMX_Ent_2144080","AMX_2865358_HG151962@pbxcloud.mx"
"AMX_2865358","[""Call Forwarding Always""]","AMX_Ent_2144080","AMX_2865358_HG151975@pbxcloud.mx"
"AMX_2797606","[""Call Forwarding Always""]","AMX_Ent_2169494","AMX_2797606_HG151601@pbxcloud.mx"
"AMX_2797606","[""Call Forwarding Always""]","AMX_Ent_2169494","AMX_2797606_HG151607@pbxcloud.mx"
"AMX_2797606","[""Call Forwarding Always""]","AMX_Ent_2169494","AMX_2797606_HG151658@pbxcloud.mx"
"AMX_2800622","[""Call Forwarding Always""]","AMX_Ent_2173303","AMX_2800622_HG151548@pbxcloud.mx"
"AMX_2800622","[""Call Forwarding Always""]","AMX_Ent_2173303","AMX_2800622_HG151561@pbxcloud.mx"
"AMX_2807065","[""Call Forwarding Always""]","AMX_Ent_2176612","AMX_2807065_HG151615@pbxcloud.mx"
"AMX_2807065","[""Call Forwarding Always""]","AMX_Ent_2176612","AMX_2807065_HG151621@pbxcloud.mx"
"AMX_2807065","[""Call Forwarding Always""]","AMX_Ent_2176612","AMX_2807065_HG151627@pbxcloud.mx"
"AMX_2807065","[""Call Forwarding Always""]","AMX_Ent_2176612","AMX_2807065_HG151633@pbxcloud.mx"
"AMX_2815118","[""Call Forwarding Always""]","AMX_Ent_2180873","AMX_2815118_HG151802@pbxcloud.mx"
"AMX_2815118","[""Call Forwarding Always""]","AMX_Ent_2180873","AMX_2815118_HG151982@pbxcloud.mx"
"AMX_2849964","[""Call Forwarding Always""]","AMX_Ent_2198225","AMX_2849964_HG151910@pbxcloud.mx"
"AMX_2849964","[""Call Forwarding Always""]","AMX_Ent_2198225","AMX_2849964_HG151916@pbxcloud.mx"
"AMX_2849964","[""Call Forwarding Always""]","AMX_Ent_2198225","AMX_2849964_HG151922@pbxcloud.mx"
"AMX_2849964","[""Call Forwarding Always""]","AMX_Ent_2198225","AMX_2849964_HG151930@pbxcloud.mx"
"AMX_2854203","[""Call Forwarding Always""]","AMX_Ent_2200273","AMX_2854203_HG151837@pbxcloud.mx"
"AMX_2854203","[""Call Forwarding Always""]","AMX_Ent_2200273","AMX_2854203_HG151843@pbxcloud.mx"
"AMX_2883867","[""Call Forwarding Always""]","AMX_Ent_2201755","AMX_2883867_HG152747@pbxcloud.mx"
"AMX_2904196","[""Call Forwarding Always""]","AMX_Ent_2201755","AMX_2904196_HG152771@pbxcloud.mx"
"AMX_2904196","[""Call Forwarding Always""]","AMX_Ent_2201755","AMX_2904196_HG152777@pbxcloud.mx"
"AMX_2904196","[""Call Forwarding Always""]","AMX_Ent_2201755","AMX_2904196_HG152783@pbxcloud.mx"
"AMX_2904196","[""Call Forwarding Always""]","AMX_Ent_2201755","AMX_2904196_HG152789@pbxcloud.mx"
"AMX_2904196","[""Call Forwarding Always""]","AMX_Ent_2201755","AMX_2904196_HG152795@pbxcloud.mx"
"AMX_2903709","[""Call Forwarding Always""]","AMX_Ent_2223459","AMX_2903709_HG152834@pbxcloud.mx"
"AMX_2903709","[""Call Forwarding Always""]","AMX_Ent_2223459","AMX_2903709_HG152843@pbxcloud.mx"
"AMX_2903709","[""Call Forwarding Always""]","AMX_Ent_2223459","AMX_2903709_HG152849@pbxcloud.mx"
"AMX_2903709","[""Call Forwarding Always""]","AMX_Ent_2223459","AMX_2903709_HG152855@pbxcloud.mx"
"AMX_2923230","[""Call Forwarding Always""]","AMX_Ent_2231620","AMX_2923230_HG152923@pbxcloud.mx"
"AMX_2923230","[""Call Forwarding Always""]","AMX_Ent_2231620","AMX_2923230_HG152929@pbxcloud.mx"
"AMX_2923230","[""Call Forwarding Always""]","AMX_Ent_2231620","AMX_2923230_HG152936@pbxcloud.mx"
"AMX_2923230","[""Call Forwarding Always""]","AMX_Ent_2231620","AMX_2923230_HG152943@pbxcloud.mx"
"AMX_2924718","[""Call Forwarding Always""]","AMX_Ent_2232078","AMX_2924718_HG153133@pbxcloud.mx"
"AMX_2924718","[""Call Forwarding Always""]","AMX_Ent_2232078","AMX_2924718_HG153144@pbxcloud.mx"
"AMX_2924718","[""Call Forwarding Always""]","AMX_Ent_2232078","AMX_2924718_HG153150@pbxcloud.mx"
"AMX_2924718","[""Call Forwarding Always""]","AMX_Ent_2232078","AMX_2924718_HG153158@pbxcloud.mx"
"AMX_2924718","[""Call Forwarding Always""]","AMX_Ent_2232078","AMX_2924718_HG153164@pbxcloud.mx"
"AMX_2930184","[""Call Forwarding Always""]","AMX_Ent_2232078","AMX_2930184_HG152890@pbxcloud.mx"
"AMX_2930184","[""Call Forwarding Always""]","AMX_Ent_2232078","AMX_2930184_HG152917@pbxcloud.mx"
"AMX_2930184","[""Call Forwarding Always""]","AMX_Ent_2232078","AMX_2930184_HG153170@pbxcloud.mx"
"AMX_2930184","[""Call Forwarding Always""]","AMX_Ent_2232078","AMX_2930184_HG153176@pbxcloud.mx"
"AMX_2930184","[""Call Forwarding Always""]","AMX_Ent_2232078","AMX_2930184_HG153182@pbxcloud.mx"
"AMX_3111872","[""Call Forwarding Always""]","AMX_Ent_2232078","AMX_3111872_HG153628@pbxcloud.mx"
"AMX_3111872","[""Call Forwarding Always""]","AMX_Ent_2232078","AMX_3111872_HG153637@pbxcloud.mx"
"AMX_3111872","[""Call Forwarding Always""]","AMX_Ent_2232078","AMX_3111872_HG153645@pbxcloud.mx"
"AMX_3111872","[""Call Forwarding Always""]","AMX_Ent_2232078","AMX_3111872_HG153651@pbxcloud.mx"
"AMX_3111872","[""Call Forwarding Always""]","AMX_Ent_2232078","AMX_3111872_HG153657@pbxcloud.mx"
"AMX_2928877","[""Call Forwarding Always""]","AMX_Ent_2233642","AMX_2928877_HG153265@pbxcloud.mx"
"AMX_2928877","[""Call Forwarding Always""]","AMX_Ent_2233642","AMX_2928877_HG153274@pbxcloud.mx"
"AMX_2928877","[""Call Forwarding Always""]","AMX_Ent_2233642","AMX_2928877_HG153284@pbxcloud.mx"
"AMX_2962990","[""Call Forwarding Always""]","AMX_Ent_2242061","AMX_2962990_HG153370@pbxcloud.mx"
"AMX_2962990","[""Call Forwarding Always""]","AMX_Ent_2242061","AMX_2962990_HG153376@pbxcloud.mx"
"AMX_2962990","[""Call Forwarding Always""]","AMX_Ent_2242061","AMX_2962990_HG153386@pbxcloud.mx"
"AMX_2962990","[""Call Forwarding Always""]","AMX_Ent_2242061","AMX_2962990_HG153392@pbxcloud.mx"
"AMX_3119776","[""Call Forwarding Always""]","AMX_Ent_2248666","AMX_3119776_HG153716@pbxcloud.mx"
"AMX_2981269","[""Call Forwarding Always""]","AMX_Ent_2255759","AMX_2981269_HG153240@pbxcloud.mx"
"AMX_Ent_3042443","[""Call Forwarding Always""]","AMX_Ent_2270213","grupo_de_busqueda@pbxcloud.mx"
"AMX_3096340","[""Call Forwarding Always""]","AMX_Ent_2286858","AMX_3096340_HG153600@pbxcloud.mx"
"AMX_3096340","[""Call Forwarding Always""]","AMX_Ent_2286858","AMX_3096340_HG153609@pbxcloud.mx"
"AMX_3078816","[""Call Forwarding Always""]","AMX_Ent_2297794","AMX_3078816_HG153494@pbxcloud.mx"
"AMX_3078816","[""Call Forwarding Always""]","AMX_Ent_2297794","AMX_3078816_HG153663@pbxcloud.mx"
"AMX_3078816","[""Call Forwarding Always""]","AMX_Ent_2297794","AMX_3078816_HG153675@pbxcloud.mx"
"AMX_3079162","[""Call Forwarding Always""]","AMX_Ent_2297926","AMX_3079162_HG153505@pbxcloud.mx"
"AMX_3079162","[""Call Forwarding Always""]","AMX_Ent_2297926","AMX_3079162_HG153511@pbxcloud.mx"
"AMX_3079162","[""Call Forwarding Always""]","AMX_Ent_2297926","AMX_3079162_HG153517@pbxcloud.mx"
"AMX_3079162","[""Call Forwarding Always""]","AMX_Ent_2297926","AMX_3079162_HG153571@pbxcloud.mx"
"AMX_3172790","[""Call Forwarding Always""]","AMX_Ent_2335924","AMX_3172790_HG153977@pbxcloud.mx"
"AMX_3197402","[""Call Forwarding Always""]","AMX_Ent_2345983","AMX_3197402_HG154038@pbxcloud.mx"
"AMX_3197402","[""Call Forwarding Always""]","AMX_Ent_2345983","AMX_3197402_HG154082@pbxcloud.mx"
"AMX_3204252","[""Call Forwarding Always""]","AMX_Ent_2348926","AMX_3204252_HG154053@pbxcloud.mx"
"AMX_3205960","[""Call Forwarding Always""]","AMX_Ent_2349609","AMX_3205960_HG154686@pbxcloud.mx"
"AMX_3246597","[""Call Forwarding Always""]","AMX_Ent_2366248","AMX_3246597_HG154373@pbxcloud.mx"
"AMX_3258153","[""Call Forwarding Always""]","AMX_Ent_2366306","AMX_3258153_HG154388@pbxcloud.mx"
"AMX_3263823","[""Call Forwarding Always""]","AMX_Ent_2372561","AMX_3263823_HG154566@pbxcloud.mx"
"AMX_3263823","[""Call Forwarding Always""]","AMX_Ent_2372561","AMX_3263823_HG154607@pbxcloud.mx"
"AMX_3263823","[""Call Forwarding Always""]","AMX_Ent_2372561","AMX_3263823_HG154613@pbxcloud.mx"
"AMX_3263823","[""Call Forwarding Always""]","AMX_Ent_2372561","AMX_3263823_HG154637@pbxcloud.mx"
"AMX_3263823","[""Call Forwarding Always""]","AMX_Ent_2372561","AMX_3263823_HG154644@pbxcloud.mx"
"AMX_3263823","[""Call Forwarding Always""]","AMX_Ent_2372561","AMX_3263823_HG154651@pbxcloud.mx"
"AMX_3240557","[""Call Forwarding Always""]","AMX_Ent_2364080","AMX_3240557_HG154739@pbxcloud.mx"
"AMX_3240557","[""Call Forwarding Always""]","AMX_Ent_2364080","AMX_3240557_HG154745@pbxcloud.mx"
"AMX_3240614","[""Call Forwarding Always""]","AMX_Ent_2364108","AMX_3240614_HG154726@pbxcloud.mx"
"AMX_3240614","[""Call Forwarding Always""]","AMX_Ent_2364108","AMX_3240614_HG154732@pbxcloud.mx"
"AMX_3304513","[""Call Forwarding Busy""]","AMX_Ent_2380923","AMX_3304513_HG154918@pbxcloud.mx"
"AMX_3304513","[""Call Forwarding Always""]","AMX_Ent_2380923","AMX_3304513_HG154931@pbxcloud.mx"
"AMX_3304513","[""Call Forwarding Always""]","AMX_Ent_2380923","AMX_3304513_HG154937@pbxcloud.mx"
"AMX_3304513","[""Call Forwarding Always""]","AMX_Ent_2380923","AMX_3304513_HG154943@pbxcloud.mx"
"AMX_3304513","[""Call Forwarding Busy""]","AMX_Ent_2380923","AMX_3304513_HG155031@pbxcloud.mx"
"AMX_3304513","[""Call Forwarding Busy""]","AMX_Ent_2380923","AMX_3304513_HG155046@pbxcloud.mx"
"AMX_3304513","[""Call Forwarding Busy""]","AMX_Ent_2380923","AMX_3304513_HG155056@pbxcloud.mx"
"AMX_3304513","[""Call Forwarding Busy""]","AMX_Ent_2380923","AMX_3304513_HG155066@pbxcloud.mx"
"AMX_3304564","[""Call Forwarding Always""]","AMX_Ent_2380923","AMX_3304564_HG154912@pbxcloud.mx"
"AMX_3304564","[""Call Forwarding Busy""]","AMX_Ent_2380923","AMX_3304564_HG154967@pbxcloud.mx"
"AMX_3304564","[""Call Forwarding Busy""]","AMX_Ent_2380923","AMX_3304564_HG154993@pbxcloud.mx"
"AMX_3304564","[""Call Forwarding Busy""]","AMX_Ent_2380923","AMX_3304564_HG154999@pbxcloud.mx"
"AMX_3304564","[""Call Forwarding Busy""]","AMX_Ent_2380923","AMX_3304564_HG155005@pbxcloud.mx"
"AMX_3301856","[""Call Forwarding Always""]","AMX_Ent_2047269","AMX_3301856_HG155119@pbxcloud.mx"
"AMX_2686005","[""Call Forwarding Always""]","AMX_Ent_2110928","AMX_2686005_HG155381@pbxcloud.mx"
"AMX_2686005","[""Call Forwarding Always""]","AMX_Ent_2110928","AMX_2686005_HG155387@pbxcloud.mx"
"AMX_3275949","[""Call Forwarding Always""]","AMX_Ent_2376703","AMX_3275949_HG155407@pbxcloud.mx"
"AMX_3361642","[""Call Forwarding Always""]","AMX_Ent_1445434","AMX_3361642_HG155524@pbxcloud.mx"
"AMX_3361642","[""Call Forwarding Always""]","AMX_Ent_1445434","AMX_3361642_HG155538@pbxcloud.mx"
"AMX_3361770","[""Call Forwarding Always""]","AMX_Ent_1445434","AMX_3361770_HG155490@pbxcloud.mx"
"AMX_3361770","[""Call Forwarding Always""]","AMX_Ent_1445434","AMX_3361770_HG155496@pbxcloud.mx"
"AMX_3316058","[""Call Forwarding Always""]","AMX_Ent_2390961","AMX_3316058_HG155581@pbxcloud.mx"
"AMX_3316058","[""Call Forwarding Always""]","AMX_Ent_2390961","AMX_3316058_HG155587@pbxcloud.mx"
"AMX_3316058","[""Call Forwarding Always""]","AMX_Ent_2390961","AMX_3316058_HG155594@pbxcloud.mx"
"AMX_3378145","[""Call Forwarding Always""]","AMX_Ent_2416871","AMX_3378145_HG155511@pbxcloud.mx"
"AMX_3363627","[""Call Forwarding Always""]","AMX_Ent_2410701","AMX_3363627_HG155653@pbxcloud.mx"
"AMX_3363627","[""Call Forwarding Always""]","AMX_Ent_2410701","AMX_3363627_HG155662@pbxcloud.mx"
"AMX_3363627","[""Call Forwarding Always""]","AMX_Ent_2410701","AMX_3363627_HG155669@pbxcloud.mx"
"AMX_2284436","[""Call Forwarding Always""]","AMX_Ent_1841802","AMX_2284436_HG155711@pbxcloud.mx"
"AMX_3379546","[""Call Forwarding Always""]","AMX_Ent_2397843","AMX_3379546_HG155871@pbxcloud.mx"
"AMX_3379546","[""Call Forwarding Always"",""Call Forwarding Busy""]","AMX_Ent_2397843","AMX_3379546_HG155880@pbxcloud.mx"
"AMX_3379546","[""Call Forwarding Always""]","AMX_Ent_2397843","AMX_3379546_HG155887@pbxcloud.mx"
"AMX_3379546","[""Call Forwarding Always""]","AMX_Ent_2397843","AMX_3379546_HG155894@pbxcloud.mx"
"AMX_3379546","[""Call Forwarding Always""]","AMX_Ent_2397843","AMX_3379546_HG155904@pbxcloud.mx"
"AMX_3379546","[""Call Forwarding Always""]","AMX_Ent_2397843","AMX_3379546_HG155910@pbxcloud.mx"
"AMX_3379546","[""Call Forwarding Always""]","AMX_Ent_2397843","AMX_3379546_HG155918@pbxcloud.mx"
"AMX_3368824","[""Call Forwarding Always""]","AMX_Ent_2412776","AMX_3368824_HG155694@pbxcloud.mx"
"AMX_3368824","[""Call Forwarding Always""]","AMX_Ent_2412776","AMX_3368824_HG155700@pbxcloud.mx"
"AMX_3386148","[""Call Forwarding Always""]","AMX_Ent_2420414","AMX_3386148_HG155817@pbxcloud.mx"
"AMX_3413417","[""Call Forwarding Always"",""Call Forwarding Busy""]","AMX_Ent_2425212","AMX_3413417_HG155774@pbxcloud.mx"
"AMX_3420459","[""Call Forwarding Always""]","AMX_Ent_2437012","AMX_3420459_HG155996@pbxcloud.mx"
"AMX_3420459","[""Call Forwarding Always""]","AMX_Ent_2437012","AMX_3420459_HG156005@pbxcloud.mx"
"AMX_3420459","[""Call Forwarding Always""]","AMX_Ent_2437012","AMX_3420459_HG156014@pbxcloud.mx"
"AMX_3420459","[""Call Forwarding Always""]","AMX_Ent_2437012","AMX_3420459_HG156023@pbxcloud.mx"
"AMX_2892622","[""Call Forwarding Always""]","AMX_Ent_2218336","AMX_2892622_HG156032@pbxcloud.mx"
"AMX_3429661","[""Call Forwarding Always""]","AMX_Ent_2440890","AMX_3429661_HG156104@pbxcloud.mx"
"AMX_3429661","[""Call Forwarding Always""]","AMX_Ent_2440890","AMX_3429661_HG156110@pbxcloud.mx"
"AMX_3429661","[""Call Forwarding Always""]","AMX_Ent_2440890","AMX_3429661_HG156117@pbxcloud.mx"
"AMX_3429661","[""Call Forwarding Always""]","AMX_Ent_2440890","AMX_3429661_HG156124@pbxcloud.mx"
"AMX_3429661","[""Call Forwarding Always""]","AMX_Ent_2440890","AMX_3429661_HG156131@pbxcloud.mx"
"AMX_3429661","[""Call Forwarding Always""]","AMX_Ent_2440890","AMX_3429661_HG156139@pbxcloud.mx"
"AMX_3429661","[""Call Forwarding Always""]","AMX_Ent_2440890","AMX_3429661_HG156146@pbxcloud.mx"
"AMX_3429661","[""Call Forwarding Always""]","AMX_Ent_2440890","AMX_3429661_HG156153@pbxcloud.mx"
"AMX_3429661","[""Call Forwarding Always""]","AMX_Ent_2440890","AMX_3429661_HG156162@pbxcloud.mx"
"AMX_3429661","[""Call Forwarding Always""]","AMX_Ent_2440890","AMX_3429661_HG156169@pbxcloud.mx"
"AMX_3450798","[""Call Forwarding Always"",""Call Forwarding Busy""]","AMX_Ent_2450555","AMX_3450798_HG156091@pbxcloud.mx"
"AMX_3449744","[""Call Forwarding Always"",""Call Forwarding Busy""]","AMX_Ent_1612371","AMX_3449744_HG156197@pbxcloud.mx"
"AMX_3449744","[""Call Forwarding Always"",""Call Forwarding Busy""]","AMX_Ent_1612371","AMX_3449744_HG156203@pbxcloud.mx"
"AMX_3449744","[""Call Forwarding Always"",""Call Forwarding Busy""]","AMX_Ent_1612371","AMX_3449744_HG156209@pbxcloud.mx"
"AMX_3429252","[""Call Forwarding Always"",""Call Forwarding Busy""]","AMX_Ent_2227229","AMX_3429252_HG156215@pbxcloud.mx"
"AMX_3403482","[""Call Forwarding Always"",""Call Forwarding Busy""]","AMX_Ent_2428841","AMX_3403482_HG156272@pbxcloud.mx"
"AMX_3429661","[""Call Forwarding Always"",""Call Forwarding Busy""]","AMX_Ent_2440890","AMX_3429661_HG156278@pbxcloud.mx"
"AMX_3429661","[""Call Forwarding Always"",""Call Forwarding Busy""]","AMX_Ent_2440890","AMX_3429661_HG156285@pbxcloud.mx"
"AMX_3470026","[""Call Forwarding Always"",""Call Forwarding Busy""]","AMX_Ent_1380538","AMX_3470026_HG156296@pbxcloud.mx"
"AMX_3470026","[""Call Forwarding Always"",""Call Forwarding Busy""]","AMX_Ent_1380538","AMX_3470026_HG156305@pbxcloud.mx"
"AMX_3470026","[""Call Forwarding Always"",""Call Forwarding Busy""]","AMX_Ent_1380538","AMX_3470026_HG156311@pbxcloud.mx"
"AMX_3470026","[""Call Forwarding Always"",""Call Forwarding Busy""]","AMX_Ent_1380538","AMX_3470026_HG156318@pbxcloud.mx"
"AMX_3470026","[""Call Forwarding Always"",""Call Forwarding Busy""]","AMX_Ent_1380538","AMX_3470026_HG156325@pbxcloud.mx"
"AMX_3470026","[""Call Forwarding Always"",""Call Forwarding Busy""]","AMX_Ent_1380538","AMX_3470026_HG156332@pbxcloud.mx"
"AMX_3469465","[""Call Forwarding Always"",""Call Forwarding Busy""]","AMX_Ent_2457919","AMX_3469465_HG156352@pbxcloud.mx"
"AMX_3469465","[""Call Forwarding Always"",""Call Forwarding Busy""]","AMX_Ent_2457919","AMX_3469465_HG156358@pbxcloud.mx"
"AMX_3469465","[""Call Forwarding Always"",""Call Forwarding Busy""]","AMX_Ent_2457919","AMX_3469465_HG156364@pbxcloud.mx"
"AMX_3475726","[""Call Forwarding Always"",""Call Forwarding Busy""]","AMX_Ent_2454730","AMX_3475726_HG156377@pbxcloud.mx"
"AMX_3477527","[""Call Forwarding Always"",""Call Forwarding Busy""]","AMX_Ent_2460819","AMX_3477527_HG156371@pbxcloud.mx"
"AMX_3470814","[""Call Forwarding Always"",""Call Forwarding Busy""]","AMX_Ent_1715985","AMX_3470814_HG156392@pbxcloud.mx"
"AMX_3480113","[""Call Forwarding Always"",""Call Forwarding Busy""]","AMX_Ent_2457919","AMX_3480113_HG156398@pbxcloud.mx"
"AMX_3480113","[""Call Forwarding Always"",""Call Forwarding Busy""]","AMX_Ent_2457919","AMX_3480113_HG156408@pbxcloud.mx"
"AMX_3470814","[""Call Forwarding Always"",""Call Forwarding Busy""]","AMX_Ent_1715985","AMX_3470814_HG156432@pbxcloud.mx"
"AMX_3470814","[""Call Forwarding Always"",""Call Forwarding Busy""]","AMX_Ent_1715985","AMX_3470814_HG156438@pbxcloud.mx"
"AMX_3470814","[""Call Forwarding Always"",""Call Forwarding Busy""]","AMX_Ent_1715985","AMX_3470814_HG156446@pbxcloud.mx"
"AMX_3470026","[""Call Forwarding Always"",""Call Forwarding Busy""]","AMX_Ent_1380538","AMX_3470026_HG156500@pbxcloud.mx"
"AMX_3470026","[""Call Forwarding Always"",""Call Forwarding Busy""]","AMX_Ent_1380538","AMX_3470026_HG156510@pbxcloud.mx"
"AMX_3470026","[""Call Forwarding Always"",""Call Forwarding Busy""]","AMX_Ent_1380538","AMX_3470026_HG156516@pbxcloud.mx"
"AMX_2024157","[""Call Forwarding Always"",""Call Forwarding Busy""]","AMX_Ent_1677047","AMX_2024157_HG156480@pbxcloud.mx"
"AMX_3431993","[""Call Forwarding Always"",""Call Forwarding Busy""]","AMX_Ent_1735963","AMX_3431993_HG156489@pbxcloud.mx"
"AMX_3320115","[""Call Forwarding Always"",""Call Forwarding Busy""]","AMX_Ent_2392497","AMX_3320115_HG156546@pbxcloud.mx"
"AMX_3320115","[""Call Forwarding Always"",""Call Forwarding Busy""]","AMX_Ent_2392497","AMX_3320115_HG156552@pbxcloud.mx"
"AMX_3320115","[""Call Forwarding Always"",""Call Forwarding Busy""]","AMX_Ent_2392497","AMX_3320115_HG156558@pbxcloud.mx"
"AMX_3340450","[""Call Forwarding Always"",""Call Forwarding Busy""]","AMX_Ent_2392497","AMX_3340450_HG156522@pbxcloud.mx"
"AMX_3340450","[""Call Forwarding Always"",""Call Forwarding Busy""]","AMX_Ent_2392497","AMX_3340450_HG156528@pbxcloud.mx"
"AMX_3340450","[""Call Forwarding Always"",""Call Forwarding Busy""]","AMX_Ent_2392497","AMX_3340450_HG156534@pbxcloud.mx"
"AMX_3340450","[""Call Forwarding Always"",""Call Forwarding Busy""]","AMX_Ent_2392497","AMX_3340450_HG156540@pbxcloud.mx"
"AMX_3459564","[""Call Forwarding Always"",""Call Forwarding Busy""]","AMX_Ent_2404801","AMX_3459564_HG156564@pbxcloud.mx"
"AMX_3470026","[""Call Forwarding Always"",""Call Forwarding Busy""]","AMX_Ent_1380538","AMX_3470026_HG156607@pbxcloud.mx"
"AMX_3470026","[""Call Forwarding Always"",""Call Forwarding Busy""]","AMX_Ent_1380538","AMX_3470026_HG156617@pbxcloud.mx"
"AMX_3470026","[""Call Forwarding Always"",""Call Forwarding Busy""]","AMX_Ent_1380538","AMX_3470026_HG156626@pbxcloud.mx"
"AMX_3470026","[""Call Forwarding Always"",""Call Forwarding Busy""]","AMX_Ent_1380538","AMX_3470026_HG156635@pbxcloud.mx"
"AMX_3510844","[""Call Forwarding Always"",""Call Forwarding Busy""]","AMX_Ent_2464068","AMX_3510844_HG156652@pbxcloud.mx"
"AMX_3510844","[""Call Forwarding Always"",""Call Forwarding Busy""]","AMX_Ent_2464068","AMX_3510844_HG156658@pbxcloud.mx"
"AMX_3510844","[""Call Forwarding Always"",""Call Forwarding Busy""]","AMX_Ent_2464068","AMX_3510844_HG156666@pbxcloud.mx"
"AMX_2320884","[""Call Forwarding Always"",""Call Forwarding Busy""]","AMX_Ent_1908427","AMX_2320884_HG156691@pbxcloud.mx"
"AMX_3514559","[""Call Forwarding Always"",""Call Forwarding Busy""]","AMX_Ent_2476339","AMX_3514559_HG156712@pbxcloud.mx"
"AMX_3304564","[""Call Forwarding Always"",""Call Forwarding Busy""]","AMX_Ent_2380923","AMX_3304564_HG156726@pbxcloud.mx"
"AMX_3510844","[""Call Forwarding Always"",""Call Forwarding Busy""]","AMX_Ent_2464068","AMX_3510844_HG156760@pbxcloud.mx"
"AMX_3511103","[""Call Forwarding Always"",""Call Forwarding Busy""]","AMX_Ent_2474615","AMX_3511103_HG156798@pbxcloud.mx"
"AMX_3511103","[""Call Forwarding Always"",""Call Forwarding Busy""]","AMX_Ent_2474615","AMX_3511103_HG156813@pbxcloud.mx"
"AMX_3513690","[""Call Forwarding Always"",""Call Forwarding Busy""]","AMX_Ent_2475881","AMX_3513690_HG156836@pbxcloud.mx"
"AMX_3515635","[""Call Forwarding Always"",""Call Forwarding Busy""]","AMX_Ent_2476757","AMX_3515635_HG156821@pbxcloud.mx"
"AMX_3470814","[""Call Forwarding Always"",""Call Forwarding Busy""]","AMX_Ent_1715985","AMX_3470814_HG156900@pbxcloud.mx"
"AMX_2359430","[""Call Forwarding Always"",""Call Forwarding Busy""]","AMX_Ent_1932130","AMX_2359430_HG156850@pbxcloud.mx"
"AMX_2359430","[""Call Forwarding Always"",""Call Forwarding Busy""]","AMX_Ent_1932130","AMX_2359430_HG156891@pbxcloud.mx"
"AMX_3342264","[""Call Forwarding Always"",""Call Forwarding Busy""]","AMX_Ent_2401324","AMX_3342264_HG156885@pbxcloud.mx"
"AMX_3514746","[""Call Forwarding Always"",""Call Forwarding Busy""]","AMX_Ent_2476393","AMX_3514746_HG156859@pbxcloud.mx"
"AMX_3514746","[""Call Forwarding Always"",""Call Forwarding Busy""]","AMX_Ent_2476393","AMX_3514746_HG156866@pbxcloud.mx"
"AMX_3514746","[""Call Forwarding Always"",""Call Forwarding Busy""]","AMX_Ent_2476393","AMX_3514746_HG156873@pbxcloud.mx"
"AMX_3511103","[""Call Forwarding Always"",""Call Forwarding Busy""]","AMX_Ent_2474615","AMX_3511103_HG156933@pbxcloud.mx"
"AMX_3511828","[""Call Forwarding Always"",""Call Forwarding Busy""]","AMX_Ent_2474935","AMX_3511828_HG156944@pbxcloud.mx"
"AMX_3511828","[""Call Forwarding Always"",""Call Forwarding Busy""]","AMX_Ent_2474935","AMX_3511828_HG156962@pbxcloud.mx"
"AMX_3480499","[""Call Forwarding Always"",""Call Forwarding Busy""]","AMX_Ent_2460268","AMX_3480499_HG157007@pbxcloud.mx"
"AMX_3480499","[""Call Forwarding Always"",""Call Forwarding Busy""]","AMX_Ent_2460268","AMX_3480499_HG157025@pbxcloud.mx"
"AMX_3527527","[""Call Forwarding Always"",""Call Forwarding Busy""]","AMX_Ent_2482806","AMX_3527527_HG157063@pbxcloud.mx"
"AMX_3530830","[""Call Forwarding Always"",""Call Forwarding Busy""]","AMX_Ent_2478820","AMX_3530830_HG157089@pbxcloud.mx"
"AMX_3529511","[""Call Forwarding Always"",""Call Forwarding Busy""]","AMX_Ent_2462586","AMX_3529511_HG157104@pbxcloud.mx"
"AMX_3529511","[""Call Forwarding Always"",""Call Forwarding Busy""]","AMX_Ent_2462586","AMX_3529511_HG157110@pbxcloud.mx"
"AMX_3529511","[""Call Forwarding Always"",""Call Forwarding Busy""]","AMX_Ent_2462586","AMX_3529511_HG157116@pbxcloud.mx"
"AMX_3529511","[""Call Forwarding Always"",""Call Forwarding Busy""]","AMX_Ent_2462586","AMX_3529511_HG157122@pbxcloud.mx"
"AMX_3527927","[""Call Forwarding Always"",""Call Forwarding Busy""]","AMX_Ent_2129457","AMX_3527927_HG157151@pbxcloud.mx"
"AMX_3527527","[""Call Forwarding Always"",""Call Forwarding Busy""]","AMX_Ent_2482806","AMX_3527527_HG157160@pbxcloud.mx"
"AMX_3527527","[""Call Forwarding Always"",""Call Forwarding Busy""]","AMX_Ent_2482806","AMX_3527527_HG157176@pbxcloud.mx"
"AMX_3527527","[""Call Forwarding Always"",""Call Forwarding Busy""]","AMX_Ent_2482806","AMX_3527527_HG157186@pbxcloud.mx"
"AMX_2468251","[""Call Forwarding Always"",""Call Forwarding Busy""]","AMX_Ent_1995114","AMX_2468251_HG157211@pbxcloud.mx"
"AMX_3527867","[""Call Forwarding Always"",""Call Forwarding Busy""]","AMX_Ent_2129457","AMX_3527867_HG157223@pbxcloud.mx"
"AMX_3527867","[""Call Forwarding Always"",""Call Forwarding Busy""]","AMX_Ent_2129457","AMX_3527867_HG157229@pbxcloud.mx"
"AMX_3527867","[""Call Forwarding Always"",""Call Forwarding Busy""]","AMX_Ent_2129457","AMX_3527867_HG157235@pbxcloud.mx"
"AMX_3527867","[""Call Forwarding Always"",""Call Forwarding Busy""]","AMX_Ent_2129457","AMX_3527867_HG157245@pbxcloud.mx"
"AMX_3527867","[""Call Forwarding Always"",""Call Forwarding Busy""]","AMX_Ent_2129457","AMX_3527867_HG157256@pbxcloud.mx"
"AMX_3527867","[""Call Forwarding Always"",""Call Forwarding Busy""]","AMX_Ent_2129457","AMX_3527867_HG157262@pbxcloud.mx"
"AMX_3506937","[""Call Forwarding Always"",""Call Forwarding Busy""]","AMX_Ent_1305815","AMX_3506937_HG157274@pbxcloud.mx"
"AMX_3506937","[""Call Forwarding Always"",""Call Forwarding Busy""]","AMX_Ent_1305815","AMX_3506937_HG157283@pbxcloud.mx"
"AMX_3506937","[""Call Forwarding Always"",""Call Forwarding Busy""]","AMX_Ent_1305815","AMX_3506937_HG157292@pbxcloud.mx"
"AMX_3527649","[""Call Forwarding Always"",""Call Forwarding Busy""]","AMX_Ent_2482868","AMX_3527649_HG157304@pbxcloud.mx"
"AMX_3527649","[""Call Forwarding Always"",""Call Forwarding Busy""]","AMX_Ent_2482868","AMX_3527649_HG157315@pbxcloud.mx"
"AMX_3527649","[""Call Forwarding Always"",""Call Forwarding Busy""]","AMX_Ent_2482868","AMX_3527649_HG157321@pbxcloud.mx"
"AMX_3527649","[""Call Forwarding Always"",""Call Forwarding Busy""]","AMX_Ent_2482868","AMX_3527649_HG157327@pbxcloud.mx"
"AMX_3537541","[""Call Forwarding Always"",""Call Forwarding Busy""]","AMX_Ent_2487474","AMX_3537541_HG157336@pbxcloud.mx"
"AMX_3537541","[""Call Forwarding Always"",""Call Forwarding Busy""]","AMX_Ent_2487474","AMX_3537541_HG157342@pbxcloud.mx"
"AMX_3564411","[""Call Forwarding Always"",""Call Forwarding Busy""]","AMX_Ent_1482643","AMX_3564411_HG157368@pbxcloud.mx"
"AMX_3564577","[""Call Forwarding Always"",""Call Forwarding Busy""]","AMX_Ent_2487396","AMX_3564577_HG157378@pbxcloud.mx"
"AMX_3536880","[""Call Forwarding Always"",""Call Forwarding Busy""]","AMX_Ent_2482868","AMX_3536880_HG157388@pbxcloud.mx"
"AMX_3536880","[""Call Forwarding Always"",""Call Forwarding Busy""]","AMX_Ent_2482868","AMX_3536880_HG157394@pbxcloud.mx"
"AMX_3536880","[""Call Forwarding Always"",""Call Forwarding Busy""]","AMX_Ent_2482868","AMX_3536880_HG157400@pbxcloud.mx"
"AMX_3536880","[""Call Forwarding Always"",""Call Forwarding Busy""]","AMX_Ent_2482868","AMX_3536880_HG157406@pbxcloud.mx"
"AMX_3536880","[""Call Forwarding Always"",""Call Forwarding Busy""]","AMX_Ent_2482868","AMX_3536880_HG157412@pbxcloud.mx"
"AMX_3537446","[""Call Forwarding Always"",""Call Forwarding Busy""]","AMX_Ent_2482868","AMX_3537446_HG157418@pbxcloud.mx"
"AMX_3537446","[""Call Forwarding Always"",""Call Forwarding Busy""]","AMX_Ent_2482868","AMX_3537446_HG157424@pbxcloud.mx"
"AMX_3537446","[""Call Forwarding Always"",""Call Forwarding Busy""]","AMX_Ent_2482868","AMX_3537446_HG157430@pbxcloud.mx"
"AMX_3537446","[""Call Forwarding Always"",""Call Forwarding Busy""]","AMX_Ent_2482868","AMX_3537446_HG157436@pbxcloud.mx"
"AMX_3538020","[""Call Forwarding Always"",""Call Forwarding Busy""]","AMX_Ent_2482868","AMX_3538020_HG157442@pbxcloud.mx"
"AMX_3538020","[""Call Forwarding Always"",""Call Forwarding Busy""]","AMX_Ent_2482868","AMX_3538020_HG157448@pbxcloud.mx"
"AMX_3538020","[""Call Forwarding Always"",""Call Forwarding Busy""]","AMX_Ent_2482868","AMX_3538020_HG157454@pbxcloud.mx"
"AMX_3538020","[""Call Forwarding Always"",""Call Forwarding Busy""]","AMX_Ent_2482868","AMX_3538020_HG157460@pbxcloud.mx"
"AMX_3537452","[""Call Forwarding Always"",""Call Forwarding Busy""]","AMX_Ent_2482868","AMX_3537452_HG157466@pbxcloud.mx"
"AMX_3537452","[""Call Forwarding Always"",""Call Forwarding Busy""]","AMX_Ent_2482868","AMX_3537452_HG157472@pbxcloud.mx"
"AMX_3537452","[""Call Forwarding Always"",""Call Forwarding Busy""]","AMX_Ent_2482868","AMX_3537452_HG157480@pbxcloud.mx"
"AMX_3537452","[""Call Forwarding Always"",""Call Forwarding Busy""]","AMX_Ent_2482868","AMX_3537452_HG157486@pbxcloud.mx"
"AMX_3537471","[""Call Forwarding Always"",""Call Forwarding Busy""]","AMX_Ent_2482868","AMX_3537471_HG157492@pbxcloud.mx"
"AMX_3537471","[""Call Forwarding Always"",""Call Forwarding Busy""]","AMX_Ent_2482868","AMX_3537471_HG157498@pbxcloud.mx"
"AMX_3537471","[""Call Forwarding Always"",""Call Forwarding Busy""]","AMX_Ent_2482868","AMX_3537471_HG157505@pbxcloud.mx"
"AMX_3537471","[""Call Forwarding Always"",""Call Forwarding Busy""]","AMX_Ent_2482868","AMX_3537471_HG157511@pbxcloud.mx"