"Empresa","CSP","Qty"
"GEM","2BUSINESSLINE",30
"GEM","4PERSONALMOBILITY",10
"GEM","5PREMIUM",10
"ASLO","BroadTouch Business Communicator Desktop - Video",1
"ASLO","BroadTouch Business Communicator Desktop",1
"ASLO","1BASE",1
"Instituto_Planeacion_Nayarit","Messaging",17
"Instituto_Planeacion_Nayarit","Integrated IMP",17
"Instituto_Planeacion_Nayarit","Collaborate",17
"Instituto_Planeacion_Nayarit","BroadTouch Business Communicator Mobile - Video",17
"Instituto_Planeacion_Nayarit","2BUSINESSLINE",17
"Instituto_Planeacion_Nayarit","4PERSONALMOBILITY",17
"Instituto_Planeacion_Nayarit","BroadTouch Business Communicator Tablet - Video",17
"Instituto_Planeacion_Nayarit","1BASE",17
"Instituto_Planeacion_Nayarit","3STANDARD",17
"FGE","Messaging",34
"FGE","Integrated IMP",34
"FGE","Collaborate",34
"FGE","BroadTouch Business Communicator Desktop - Video",34
"PGJ_MICH","BroadTouch Business Communicator Tablet - Video",27
"PGJ_MICH","2BUSINESSLINE",150
"Nuestra_Caja","BroadTouch Business Communicator Tablet - Video",2
"Operadora Romano","BroadTouch Business Communicator Tablet - Video",22
"Operadora Romano","BroadTouch Business Communicator Desktop - Video",34
"FOVISEC","2BUSINESSLINE",25
"Operadora Romano","Integrated IMP",23
"ASLO","BroadTouch Business Communicator Mobile - Audio",1
"Operadora Romano","1BASE",504
"Te_creemos","BroadTouch Business Communicator Tablet - Video",164
"NSJPBCS","BroadTouch Business Communicator Desktop - Video",4
"DURAPLAY","BroadTouch Business Communicator Tablet - Video",2
"NSJPBCS","5PREMIUM",6
"NSJPBCS","2BUSINESSLINE",39
"NAH","1BASE",10
"Vsys","2BUSINESSLINE",288
"Modatelas","Collaborate",14
"SPA","Messaging",625
"Modatelas","BroadTouch Business Communicator Tablet - Video",23
"Modatelas","Integrated IMP",21
"NSJPBCS","4PERSONALMOBILITY",4
"Jugos_del_Valle","3STANDARD",7
"Modatelas","2BUSINESSLINE",366
"KAA","Messaging",39
"PGJ_MICH","1BASE",150
"IEEG","Integrated IMP",16
"PGJ_MICH","BroadTouch Business Communicator Mobile - Video",27
"Operadora Romano","5PREMIUM",71
"AMX_Contenido","1BASE",167
"Lideres_SIO","2BUSINESSLINE",102
"Lideres_SIO","1BASE",102
"Licenciamiento","Collaborate",2
"LandIT","Integrated IMP",87
"Corporacion_El_Asturiano","1BASE",30
"Licenciamiento","5PREMIUM",8
"Euro_Alarmas","2BUSINESSLINE",27
"Licenciamiento","Integrated IMP",6
"LALA","BroadTouch Business Communicator Tablet - Video",2425
"NSJPBCS","Messaging",4
"LALA","5PREMIUM",2802
"KAA","5PREMIUM",7
"Instituto_Salvatierra","Integrated IMP",11
"Te_creemos","BroadTouch Business Communicator Mobile - Video",164
"JEC","BroadTouch Business Communicator Desktop - Video",10
"JEC","BroadTouch Business Communicator Mobile - Video",10
"CCA","Collaborate",13
"JEC","1BASE",40
"Generadora_Fenix","1BASE",93
"Licenciamiento","4PERSONALMOBILITY",6
"Instituto_Salvatierra","Collaborate",11
"JEC","4PERSONALMOBILITY",10
"STM","4PERSONALMOBILITY",36
"IEEG","Collaborate",15
"Instituto_Salvatierra","4PERSONALMOBILITY",11
"LALA","BroadTouch Business Communicator Desktop - Video",2425
"Instituto_Salvatierra","BroadTouch Business Communicator Tablet - Video",11
"IEEG","BroadTouch Business Communicator Tablet - Video",16
"Super_Q","Collaborate",11
"Nuestra_Caja","BroadTouch Business Communicator Desktop - Video",2
"IEEG","5PREMIUM",47
"DMHS","4PERSONALMOBILITY",12
"Te_creemos","BroadTouch Business Communicator Desktop - Video",164
"Generadora_Fenix","3STANDARD",28
"Corporacion_El_Asturiano","3STANDARD",2
"H_TSJET","Messaging",40
"Licenciamiento","3STANDARD",5
"LALA","1BASE",2799
"Financiera_Ayudamos","5PREMIUM",4
"H_TSJET","BroadTouch Business Communicator Desktop - Video",10
"H_TSJET","2BUSINESSLINE",141
"EAP","4PERSONALMOBILITY",9
"Vsys","1BASE",292
"Vsys","Prepaid",13
"Cometra","3STANDARD",15
"HCDG","Messaging",475
"IEEG","BroadTouch Business Communicator Mobile - Video",17
"HCDG","Integrated IMP",475
"HCDG","Collaborate",475
"HCDG","BroadTouch Business Communicator Mobile - Video",475
"SODEXO","4PERSONALMOBILITY",48
"HCDG","4PERSONALMOBILITY",475
"Famosa","BroadTouch Business Communicator Desktop",1
"Modatelas","4PERSONALMOBILITY",183
"Operadora Romano","2BUSINESSLINE",504
"HCDG","1BASE",475
"Telmex","2BUSINESSLINE",3393
"FGE","4PERSONALMOBILITY",49
"Diageo","BroadWorks Receptionist - Enterprise",2
"JEC","3STANDARD",40
"KAA","4PERSONALMOBILITY",7
"HCDG","BroadTouch Business Communicator Desktop - Video",475
"Gayosso","BroadTouch Business Communicator Desktop - Video",45
"BIMBO","BroadTouch Business Communicator Tablet - Video",11
"Gayosso","BroadTouch Business Communicator Tablet - Video",43
"Audioconferencias_Telmex","1BASE",1
"FOVISEC","4PERSONALMOBILITY",3
"GVE","Messaging",2
"NAH","4PERSONALMOBILITY",3
"Vsys","4PERSONALMOBILITY",249
"LALA","2BUSINESSLINE",2802
"DMHS","Collaborate",12
"Telmex","1BASE",3393
"Licenciamiento","BroadTouch Business Communicator Desktop - Video",4
"SPA","1BASE",698
"Bufete_RM","Messaging",38
"SESESP","1BASE",54
"GVE","BroadTouch Business Communicator Tablet - Video",2
"bsft","1BASE",21
"Licenciamiento","Number Portability Announcement",2
"GVE","1BASE",281
"LandIT","BroadTouch Business Communicator Desktop - Video",89
"Gayosso","Messaging",43
"CAO-TELMEX","Integrated IMP",51
"Gayosso","1BASE",598
"GFC","Messaging",6
"GDF","Integrated IMP",55
"Instituto_Salvatierra","5PREMIUM",12
"GFC","BroadTouch Business Communicator Mobile - Video",6
"LALA","Integrated IMP",2425
"Bufete_RM","1BASE",37
"STM","5PREMIUM",37
"EME","5PREMIUM",4
"GDF","Messaging",55
"GDF","BroadTouch Business Communicator Desktop - Video",55
"Famosa","BroadTouch Business Communicator Tablet - Video",28
"Fidere_III","Messaging",6
"GDF","BroadTouch Business Communicator Mobile - Video",55
"MTBM","1BASE",79
"Gayosso","4PERSONALMOBILITY",53
"DURAPLAY","1BASE",24
"H_TSJET","Integrated IMP",10
"Generadora_Fenix","Messaging",93
"Generadora_Fenix","5PREMIUM",28
"NAH","2BUSINESSLINE",10
"GDF","4PERSONALMOBILITY",55
"Diageo","2BUSINESSLINE",130
"APA","BroadTouch Business Communicator Desktop - Video",2
"GDF","1BASE",55
"Licenciamiento","Video Add-On",2
"Generadora_Fenix","Collaborate",14
"SFGEBCS","Messaging",8
"Gayosso","BroadTouch Business Communicator Mobile - Video",44
"LALA","BroadTouch Business Communicator Desktop - Audio",5
"fiscaliatabasco","BroadTouch Business Communicator Tablet - Video",24
"GCM","BroadTouch Business Communicator Mobile - Video",2
"Euroelectrica","5PREMIUM",10
"Cometra","2BUSINESSLINE",15
"DMHS","3STANDARD",12
"FCI_Administradora","5PREMIUM",14
"GCM","BroadTouch Business Communicator Tablet - Video",1
"Vsys","BroadWorks Receptionist - Office",1
"GCM","BroadTouch Business Communicator Desktop - Video",18
"GCM","3STANDARD",95
"Nuestra_Caja","Messaging",2
"Jugos_del_Valle","Messaging",7
"Fundacion_TELMEX","5PREMIUM",5
"Fundacion_TELMEX","3STANDARD",26
"Corporacion_El_Asturiano","2BUSINESSLINE",30
"FGE","BroadTouch Business Communicator Tablet - Video",34
"GDF","BroadTouch Business Communicator Tablet - Video",55
"Vsys","Calling Line ID Blocking Override",16
"Fundacion_TELMEX","1BASE",57
"H_TSJET","5PREMIUM",11
"DMHS","1BASE",238
"HCDG","BroadTouch Business Communicator Tablet - Video",475
"DMH","BroadTouch Business Communicator Desktop - Video",43
"Licenciamiento","Calling Line ID Blocking Override",2
"GDF","3STANDARD",55
"FOVISEC","BroadTouch Business Communicator Mobile - Video",3
"DMH","4PERSONALMOBILITY",44
"SESESP","2BUSINESSLINE",54
"Vsys","BroadTouch Business Communicator Mobile",6
"Cometra","Messaging",15
"Super_Q","Messaging",11
"MTBM","2BUSINESSLINE",79
"Bufete_RM","3STANDARD",37
"Safety_Textiles","4PERSONALMOBILITY",4
"Multiservicios_Nieto","BroadTouch Business Communicator Mobile - Video",6
"Euroelectrica","BroadWorks Receptionist - Enterprise",1
"Famosa","Collaborate",26
"Famosa","Messaging",467
"GVE","4PERSONALMOBILITY",8
"GFC","5PREMIUM",6
"GCM","BroadTouch Business Communicator Desktop",2
"Lideres_SIO","BroadTouch Business Communicator Mobile - Video",37
"AMX_Ent_2414026_CUAD","3STANDARD",16
"Gayosso","2BUSINESSLINE",598
"Cometra","Collaborate",15
"Cometra","1BASE",15
"PGJ_MICH","5PREMIUM",39
"GVM","4PERSONALMOBILITY",2
"SPA","5PREMIUM",143
"EME","Messaging",12
"KAA","3STANDARD",7
"Cometra","5PREMIUM",15
"CGT","Integrated IMP",4
"PGJ_MICH","4PERSONALMOBILITY",37
"Bufete_RM","5PREMIUM",39
"Fundacion_TELMEX","4PERSONALMOBILITY",5
"DMH","3STANDARD",59
"Euroelectrica","Messaging",36
"DMH","5PREMIUM",43
"PROVIDENT","2BUSINESSLINE",1006
"Bufete_RM","4PERSONALMOBILITY",38
"bsft","Collaborate",7
"Financiera_Ayudamos","2BUSINESSLINE",12
"LALA","BroadTouch Business Communicator Desktop",1
"CGT","4PERSONALMOBILITY",12
"CFE","Messaging",40
"CGT","1BASE",26
"Bufete_RM","BroadTouch MobileLink",37
"CGT","BroadTouch Business Communicator Tablet - Video",4
"Lideres_SIO","Messaging",20
"Fundacion_Carlos_Slim","5PREMIUM",10
"DMH","Collaborate",2
"Fidere_III","Collaborate",6
"CGT","2BUSINESSLINE",26
"Municipio_de_Jerez","Integrated IMP",10
"IEEG","2BUSINESSLINE",196
"CFE","Collaborate",40
"DMHS","2BUSINESSLINE",238
"CEM","Messaging",259
"DMH","2BUSINESSLINE",344
"Modatelas","1BASE",363
"bsft","4PERSONALMOBILITY",14
"DMHS","BroadTouch Business Communicator Tablet - Video",12
"Troncal_IP","Collaborate",3
"CFE","2BUSINESSLINE",40
"DMH","Integrated IMP",42
"CECOBAN","Messaging",62
"Super_Q","2BUSINESSLINE",57
"Modatelas","5PREMIUM",53
"Super_Q","5PREMIUM",14
"CGT","3STANDARD",26
"Lideres_SIO","5PREMIUM",41
"Operadora Romano","4PERSONALMOBILITY",70
"CGT","Collaborate",4
"CEM","BroadTouch Business Communicator Desktop - Video",259
"Fidere_III","2BUSINESSLINE",60
"Bufete_RM","BroadTouch Business Communicator Desktop - Video",37
"CEM","BroadTouch Business Communicator Mobile - Video",259
"Fidere_III","BroadTouch Business Communicator Mobile - Video",6
"Multiservicios_Nieto","BroadTouch Business Communicator Tablet - Video",6
"Licenciamiento","Messaging",2
"CFE","BroadTouch Business Communicator Mobile - Video",40
"FCI_Administradora","2BUSINESSLINE",15
"LALA","Messaging",2412
"FOVISEC","5PREMIUM",3
"Licenciamiento","2BUSINESSLINE",7
"ATP_Flecha_Roja","BroadTouch Business Communicator Mobile - Video",6
"GVE","Integrated IMP",2
"APA","4PERSONALMOBILITY",2
"Audioconferencias_Telmex","BroadTouch Business Communicator Desktop - Video",2
"ATP_Flecha_Roja","5PREMIUM",8
"Fundacion_TELMEX","2BUSINESSLINE",57
"CEM","1BASE",259
"CFE","5PREMIUM",40
"Instituto_Salvatierra","2BUSINESSLINE",33
"PROVIDENT","1BASE",1006
"Famosa","1BASE",560
"NSJPBCS","Integrated IMP",4
"Financiera_Ayudamos","Messaging",12
"NSJPBCS","Collaborate",4
"GFC","BroadTouch Business Communicator Tablet - Video",6
"SPA","Collaborate",2
"Nuestra_Caja","1BASE",87
"Instituto_Salvatierra","Messaging",11
"Bufete_RM","BroadTouch Business Communicator Tablet - Video",37
"Jugos_del_Valle","BroadTouch Business Communicator Desktop - Video",7
"Fidere_III","3STANDARD",15
"GVM","5PREMIUM",2
"Bufete_RM","2BUSINESSLINE",37
"ATP_Flecha_Roja","2BUSINESSLINE",21
"PROVIDENT","BroadTouch Business Communicator Desktop - Video",4
"CEM","BroadTouch Business Communicator Tablet - Video",259
"Diageo","4PERSONALMOBILITY",18
"CFE","1BASE",40
"VSF","BroadTouch Business Communicator Tablet - Video",9
"ATP_Flecha_Roja","BroadTouch Business Communicator Desktop - Video",6
"BIMBO","1BASE",610
"Dextra_TECH","2BUSINESSLINE",125
"GVE","2BUSINESSLINE",281
"Jugos_del_Valle","5PREMIUM",7
"Lideres_SIO","3STANDARD",41
"DMH","BroadTouch Business Communicator Mobile - Video",42
"SESAJ","BroadTouch Business Communicator Tablet - Video",27
"ATP_Flecha_Roja","Messaging",6
"CCA","BroadTouch Business Communicator Desktop - Video",119
"VSF","2BUSINESSLINE",14
"ATP_Flecha_Roja","1BASE",21
"H_TSJET","BroadTouch Business Communicator Mobile - Video",10
"Telmex","5PREMIUM",2512
"Famosa","BroadTouch Business Communicator Desktop - Video",34
"CGT","BroadTouch Business Communicator Mobile - Video",4
"Instituto_Salvatierra","BroadTouch Business Communicator Mobile - Video",11
"CECOBAN","BroadTouch Business Communicator Desktop - Video",60
"ATP_Flecha_Roja","BroadTouch Business Communicator Tablet - Video",6
"Euroelectrica","1BASE",67
"Audioconferencias_Telmex","BroadTouch Business Communicator Mobile - Video",2
"SPE","Messaging",141
"SESAJ","5PREMIUM",33
"Audioconferencias_Telmex","5PREMIUM",5
"GDF","Collaborate",9
"Fundacion_Carlos_Slim","1BASE",10
"Generadora_Fenix","BroadTouch Business Communicator Desktop - Video",14
"HCDG","5PREMIUM",475
"Vsys","CallCenterSupervisor",2
"ATP_Flecha_Roja","3STANDARD",21
"Fundacion_Carlos_Slim","4PERSONALMOBILITY",8
"Operadora Romano","Collaborate",22
"ATP_Flecha_Roja","4PERSONALMOBILITY",12
"fiscaliatabasco","Messaging",98
"Cometra","BroadTouch Business Communicator Desktop - Video",15
"LALA","3STANDARD",2743
"Modatelas","BroadTouch Business Communicator Mobile - Video",198
"IEEG","3STANDARD",45
"Bufete_RM","BroadTouch Business Communicator Mobile - Video",37
"GFC","2BUSINESSLINE",26
"JEC","5PREMIUM",11
"JEC","BroadTouch Business Communicator Tablet - Video",10
"ASLO","2BUSINESSLINE",1
"BIMBO","BroadTouch Business Communicator Mobile - Video",11
"SPA","BroadTouch Business Communicator Mobile - Video",3
"ATP_Flecha_Roja","Integrated IMP",6
"CPM","1BASE",250
"DURAPLAY","BroadTouch Business Communicator Mobile - Video",2
"Bufete_RM","Collaborate",37
"Municipio_de_Jerez","Collaborate",10
"Operadora Romano","3STANDARD",305
"CEM","Integrated IMP",259
"CECOBAN","5PREMIUM",62
"CECOBAN","BroadTouch Business Communicator Tablet - Video",60
"Super_Q","BroadTouch Business Communicator Mobile - Video",11
"CECOBAN","2BUSINESSLINE",113
"CECOBAN","BroadTouch Business Communicator Mobile - Video",60
"IEEG","Messaging",16
"UANE","1BASE",35
"PROCONSA","Integrated IMP",14
"CEM","Collaborate",259
"Modatelas","BroadTouch Business Communicator Desktop - Video",24
"Instituto_Planeacion_Nayarit","5PREMIUM",17
"Te_creemos","Integrated IMP",164
"Cometra","BroadTouch Business Communicator Mobile - Video",15
"AMX_Contenido","2BUSINESSLINE",167
"ATP_Flecha_Roja","Collaborate",6
"KAA","1BASE",65
"DMH","BroadTouch Business Communicator Tablet - Video",42
"CEM","4PERSONALMOBILITY",259
"Diageo","5PREMIUM",16
"CEM","2BUSINESSLINE",259
"GEM","1BASE",30
"DURAPLAY","4PERSONALMOBILITY",6
"GFC","Collaborate",6
"DMHS","5PREMIUM",12
"Jugos_del_Valle","4PERSONALMOBILITY",7
"JEC","Integrated IMP",10
"DMHS","BroadTouch Business Communicator Mobile - Video",12
"Fidere_III","BroadTouch Business Communicator Tablet - Video",6
"GFC","4PERSONALMOBILITY",6
"Municipio_de_Jerez","BroadTouch Business Communicator Mobile - Video",10
"Financiera_Ayudamos","1BASE",12
"SODEXO","5PREMIUM",48
"SODEXO","2BUSINESSLINE",48
"CFE","BroadTouch Business Communicator Desktop - Video",40
"SESAJ","Messaging",27
"FGE","2BUSINESSLINE",170
"FOVISEC","Messaging",3
"Modatelas","BroadWorks Receptionist - Enterprise",4
"AMX_Contenido","Collaborate",5
"Nuestra_Caja","3STANDARD",5
"FCI_Administradora","3STANDARD",15
"Vsys","FaxMessaging",11
"Fidere_III","4PERSONALMOBILITY",16
"AMX_Contenido","BroadTouch Business Communicator Mobile - Video",5
"Generadora_Fenix","4PERSONALMOBILITY",28
"GVM","Messaging",9
"DURAPLAY","3STANDARD",6
"CECOBAN","1BASE",113
"Safety_Textiles","BroadTouch Business Communicator Desktop - Video",4
"Fundacion_Carlos_Slim","3STANDARD",10
"STM","Integrated IMP",36
"Vsys","BroadWorks Receptionist - Enterprise",12
"CCA","5PREMIUM",13
"EME","2BUSINESSLINE",51
"DURAPLAY","BroadTouch Business Communicator Desktop - Video",2
"Troncal_IP","Integrated IMP",3
"Operadora Romano","BroadTouch Business Communicator Mobile - Video",29
"LandIT","4PERSONALMOBILITY",516
"DMH","Messaging",42
"PROCONSA","3STANDARD",119
"DURAPLAY","Collaborate",2
"SESESP","BroadTouch Business Communicator Mobile - Video",50
"VSF","4PERSONALMOBILITY",9
"GVM","1BASE",9
"NAH","5PREMIUM",3
"DURAPLAY","Integrated IMP",2
"NSJPBCS","3STANDARD",39
"LandIT","3STANDARD",516
"Euroelectrica","Integrated IMP",3
"Municipio_de_Jerez","BroadTouch Business Communicator Tablet - Video",10
"GVM","3STANDARD",2
"NSJPBCS","1BASE",39
"Fundacion_Carlos_Slim","BroadTouch Business Communicator Desktop - Video",1
"CGT","5PREMIUM",12
"Dextra_TECH","3STANDARD",11
"CAO-TELMEX","BroadTouch Business Communicator Desktop - Video",51
"APA","1BASE",104
"CECOBAN","Integrated IMP",60
"CECOBAN","4PERSONALMOBILITY",60
"FGE","BroadTouch Business Communicator Mobile - Video",34
"Dextra_TECH","5PREMIUM",2
"H_TSJET","BroadTouch Business Communicator Tablet - Video",10
"Lideres_SIO","4PERSONALMOBILITY",38
"FGE","3STANDARD",49
"Dextra_TECH","4PERSONALMOBILITY",2
"Famosa","Integrated IMP",81
"ASLO","BroadTouch Business Communicator Desktop - Audio",1
"VSF","BroadTouch Business Communicator Mobile - Video",9
"Modatelas","Messaging",15
"PM.Expeditions","3STANDARD",4
"H_TSJET","Collaborate",10
"GVM","BroadTouch Business Communicator Mobile - Video",1
"Diageo","1BASE",130
"KAA","2BUSINESSLINE",65
"SESAJ","4PERSONALMOBILITY",32
"Operadora Romano","BroadWorks Receptionist - Enterprise",1
"HCDG","2BUSINESSLINE",475
"FGE","1BASE",170
"Vsys","5PREMIUM",272
"DURAPLAY","5PREMIUM",7
"UANE","3STANDARD",12
"Diageo","BroadTouch Business Communicator Desktop - Video",2
"Famosa","5PREMIUM",125
"FOVISEC","1BASE",25
"GVE","BroadTouch Business Communicator Mobile - Video",2
"Vsys","BroadTouch Business Communicator Tablet - Video",92
"SFGEBCS","5PREMIUM",16
"SPE","5PREMIUM",32
"GCM","1BASE",890
"JEC","Collaborate",10
"MTBM","Collaborate",10
"EME","3STANDARD",4
"FCI_Administradora","1BASE",15
"EME","4PERSONALMOBILITY",4
"Troncal_IP","BroadTouch Business Communicator Tablet - Video",3
"GFC","BroadTouch Business Communicator Desktop - Video",6
"Euroelectrica","2BUSINESSLINE",67
"fiscaliatabasco","5PREMIUM",103
"H_TSJET","1BASE",141
"GCM","2BUSINESSLINE",890
"EME","BroadTouch Business Communicator Desktop - Video",1
"CFE","Integrated IMP",40
"Fidere_III","5PREMIUM",15
"Audioconferencias_Telmex","3STANDARD",1
"CCA","4PERSONALMOBILITY",13
"Municipio_de_Jerez","4PERSONALMOBILITY",10
"Euroelectrica","3STANDARD",11
"Diageo","BroadTouch Business Communicator Mobile - Video",2
"DURAPLAY","Messaging",2
"Euroelectrica","4PERSONALMOBILITY",10
"Euroelectrica","BroadTouch Business Communicator Desktop - Video",4
"PROCONSA","BroadTouch Business Communicator Tablet - Video",14
"IEEG","4PERSONALMOBILITY",24
"Dextra_TECH","1BASE",125
"Euroelectrica","BroadTouch Business Communicator Mobile - Video",1
"Licenciamiento","BroadTouch Business Communicator Mobile - Video",5
"GVE","BroadTouch Business Communicator Desktop - Video",2
"Jugos_del_Valle","BroadTouch Business Communicator Tablet - Video",7
"FCI_Administradora","Messaging",14
"Vsys","Automatic Hold/Retrieve",43
"IEEG","BroadTouch Business Communicator Desktop - Video",22
"GDF","2BUSINESSLINE",55
"CGT","Messaging",4
"Super_Q","4PERSONALMOBILITY",14
"Cometra","BroadTouch Business Communicator Tablet - Video",15
"SESAJ","1BASE",44
"FOVISEC","3STANDARD",3
"FCI_Administradora","4PERSONALMOBILITY",12
"Famosa","2BUSINESSLINE",559
"STM","Messaging",36
"Fundacion_Carlos_Slim","2BUSINESSLINE",10
"Famosa","3STANDARD",242
"Famosa","4PERSONALMOBILITY",127
"Modatelas","3STANDARD",211
"Famosa","BroadTouch Business Communicator Mobile - Video",29
"Fidere_III","1BASE",60
"NSJPBCS","BroadTouch Business Communicator Tablet - Video",4
"GFC","Integrated IMP",6
"NAH","3STANDARD",3
"Gayosso","3STANDARD",61
"GVE","3STANDARD",9
"GFC","1BASE",26
"LALA","BroadTouch Business Communicator Mobile - Video",2425
"UANE","Messaging",12
"Bufete_RM","Integrated IMP",37
"bsft","2BUSINESSLINE",22
"DMHS","BroadTouch Business Communicator Desktop - Video",13
"H_TSJET","4PERSONALMOBILITY",10
"Gayosso","Integrated IMP",43
"Nuestra_Caja","Collaborate",2
"Fidere_III","Integrated IMP",2
"PGJ_MICH","3STANDARD",77
"HCDG","3STANDARD",475
"GCM","5PREMIUM",96
"Financiera_Ayudamos","4PERSONALMOBILITY",3
"CCA","BroadTouch Business Communicator Mobile - Video",13
"CGT","BroadTouch Business Communicator Desktop - Video",4
"PGJ_MICH","BroadTouch Business Communicator Desktop - Video",27
"Diageo","3STANDARD",35
"PGJ_MICH","Collaborate",27
"PROCONSA","1BASE",121
"Fundacion_Carlos_Slim","Messaging",10
"SPE","2BUSINESSLINE",159
"PGJ_MICH","Integrated IMP",27
"AMX_Ent_2414026_CUAD","BroadTouch Business Communicator Mobile - Video",16
"GVM","2BUSINESSLINE",9
"SODEXO","1BASE",48
"PGJ_MICH","Messaging",27
"PM.Expeditions","1BASE",10
"PM.Expeditions","2BUSINESSLINE",10
"CEM","3STANDARD",259
"PM.Expeditions","5PREMIUM",4
"PM.Expeditions","4PERSONALMOBILITY",4
"UANE","BroadTouch Business Communicator Mobile - Video",12
"Municipio_de_Jerez","5PREMIUM",10
"PM.Expeditions","BroadTouch Business Communicator Desktop - Video",1
"Municipio_de_Jerez","3STANDARD",12
"PM.Expeditions","Integrated IMP",1
"Municipio_de_Jerez","BroadTouch Business Communicator Desktop - Video",10
"SPA","3STANDARD",142
"CECOBAN","3STANDARD",60
"PROCONSA","5PREMIUM",14
"PROCONSA","4PERSONALMOBILITY",14
"fiscaliatabasco","3STANDARD",489
"PROCONSA","BroadTouch Business Communicator Mobile - Video",14
"CEM","5PREMIUM",259
"PROCONSA","BroadTouch Business Communicator Desktop - Video",14
"PROCONSA","Collaborate",14
"Contingencia","Integrated IMP",2
"PROCONSA","Messaging",14
"SESESP","5PREMIUM",54
"SPA","2BUSINESSLINE",698
"ASLO","BroadTouch Business Communicator Mobile - Video",1
"Instituto_Salvatierra","3STANDARD",11
"Diageo","Messaging",127
"SESESP","3STANDARD",54
"Hospital_Santander","2BUSINESSLINE",127
"SESESP","BroadTouch Business Communicator Tablet - Video",50
"ASLO","BroadTouch Business Communicator Mobile",1
"SESESP","4PERSONALMOBILITY",54
"Vsys","AttendantConsole",7
"SESESP","Collaborate",50
"Multiservicios_Nieto","5PREMIUM",7
"SESESP","Integrated IMP",50
"SESESP","Messaging",50
"Multiservicios_Nieto","Integrated IMP",6
"SFGEBCS","3STANDARD",60
"SFGEBCS","1BASE",60
"SFGEBCS","2BUSINESSLINE",60
"SFGEBCS","BroadTouch Business Communicator Desktop - Video",11
"SFGEBCS","4PERSONALMOBILITY",11
"Safety_Textiles","Integrated IMP",4
"H_TSJET","3STANDARD",40
"UANE","4PERSONALMOBILITY",12
"SFGEBCS","Integrated IMP",9
"SPE","BroadTouch Business Communicator Desktop - Audio",2
"Contingencia","BroadTouch Business Communicator Mobile - Video",68
"Cometra","4PERSONALMOBILITY",15
"SFGEBCS","BroadTouch Business Communicator Mobile - Video",8
"LALA","4PERSONALMOBILITY",2799
"SFGEBCS","BroadTouch Business Communicator Tablet - Video",7
"SFGEBCS","Collaborate",7
"Dextra_TECH","BroadTouch Business Communicator Desktop - Video",1
"SPA","4PERSONALMOBILITY",142
"SPA","BroadTouch Business Communicator Tablet - Video",2
"SPE","1BASE",159
"SPE","3STANDARD",32
"SPE","4PERSONALMOBILITY",36
"Hospital_Santander","4PERSONALMOBILITY",12
"SPE","BroadTouch Business Communicator Desktop - Video",33
"STM","3STANDARD",36
"STM","BroadTouch Business Communicator Tablet - Video",36
"JEC","Messaging",10
"STM","2BUSINESSLINE",36
"Vsys","BroadTouch Business Communicator Mobile - Audio",3
"STM","BroadTouch Business Communicator Mobile - Video",36
"STM","BroadTouch Business Communicator Desktop - Video",36
"STM","Collaborate",36
"Licenciamiento","1BASE",6
"Safety_Textiles","3STANDARD",22
"IEEG","1BASE",196
"MTBM","Integrated IMP",10
"Safety_Textiles","1BASE",22
"Safety_Textiles","2BUSINESSLINE",22
"Vsys","BroadTouch Business Communicator Mobile - Video",193
"CCA","Integrated IMP",13
"CAO-TELMEX","Collaborate",51
"Safety_Textiles","Messaging",19
"Vsys","Call Center - Premium",11
"Safety_Textiles","5PREMIUM",4
"CFE","3STANDARD",40
"Safety_Textiles","BroadTouch Business Communicator Mobile - Video",4
"Safety_Textiles","Collaborate",4
"Super_Q","3STANDARD",57
"Instituto_Salvatierra","BroadTouch Business Communicator Desktop - Video",11
"Super_Q","1BASE",57
"Operadora Romano","BroadTouch Business Communicator Desktop",1
"Jugos_del_Valle","Integrated IMP",7
"PROVIDENT","3STANDARD",201
"Super_Q","BroadWorks Receptionist - Enterprise",1
"Te_creemos","5PREMIUM",165
"Gayosso","5PREMIUM",63
"Bufete_RM","BroadWorks Receptionist - Enterprise",3
"Telmex","BroadTouch Business Communicator Desktop - Video",1878
"Troncal_IP","Messaging",3
"Te_creemos","3STANDARD",165
"Telmex","BroadTouch Business Communicator Mobile - Video",1842
"Licenciamiento","BroadTouch Business Communicator Tablet - Video",6
"Te_creemos","1BASE",165
"Safety_Textiles","BroadTouch Business Communicator Tablet - Video",4
"Te_creemos","4PERSONALMOBILITY",165
"Te_creemos","2BUSINESSLINE",165
"Te_creemos","Collaborate",164
"Te_creemos","Messaging",164
"DMHS","Messaging",12
"SESAJ","3STANDARD",44
"Telmex","3STANDARD",2773
"GEM","3STANDARD",30
"Telmex","BroadTouch Business Communicator Tablet - Video",1976
"Telmex","Collaborate",1832
"Telmex","4PERSONALMOBILITY",2446
"AMX_Contenido","3STANDARD",37
"Telmex","Calling Line ID Blocking Override",2
"CFE","BroadTouch Business Communicator Tablet - Video",40
"Vsys","Messaging",120
"bsft","BroadWorks Receptionist - Enterprise",2
"DMH","1BASE",344
"PROCONSA","2BUSINESSLINE",121
"Super_Q","Integrated IMP",11
"Troncal_IP","5PREMIUM",3
"Troncal_IP","1BASE",3
"Troncal_IP","2BUSINESSLINE",3
"Troncal_IP","3STANDARD",3
"Troncal_IP","BroadTouch Business Communicator Mobile - Video",3
"Modatelas","Call Center - Premium",4
"Troncal_IP","BroadTouch Business Communicator Desktop - Video",3
"Troncal_IP","4PERSONALMOBILITY",3
"GVE","Collaborate",2
"bsft","3STANDARD",20
"UANE","2BUSINESSLINE",35
"UANE","5PREMIUM",12
"UANE","BroadTouch Business Communicator Tablet - Video",12
"GDF","5PREMIUM",55
"PROVIDENT","BroadTouch Business Communicator Mobile - Video",2
"MTBM","BroadTouch Business Communicator Mobile - Video",33
"UANE","BroadTouch Business Communicator Desktop - Video",12
"UANE","Collaborate",12
"Financiera_Ayudamos","3STANDARD",3
"fiscaliatabasco","4PERSONALMOBILITY",101
"Nuestra_Caja","4PERSONALMOBILITY",2
"CAO-TELMEX","3STANDARD",51
"UANE","Integrated IMP",12
"SESESP","BroadTouch Business Communicator Desktop - Video",50
"Hospital_Santander","BroadTouch Business Communicator Desktop - Video",12
"Vsys","3STANDARD",267
"AMX_Contenido","5PREMIUM",14
"Vsys","BroadTouch Business Communicator Desktop",4
"BIMBO","2BUSINESSLINE",610
"Vsys","BroadTouch Business Communicator Desktop - Audio",3
"Vsys","BroadTouch Business Communicator Tablet",6
"Super_Q","BroadTouch Business Communicator Desktop - Video",11
"Vsys","BroadTouch Business Communicator Tablet - Audio",6
"CPM","BroadTouch Business Communicator Desktop - Video",250
"Vsys","CallCenterAgent",7
"Vsys","BroadWorks Mobility",10
"Vsys","Call Center - Basic",12
"Vsys","Call Center - Standard",12
"Vsys","Call Recording",10
"Vsys","BroadTouch Business Communicator Desktop - Video",202
"Vsys","BroadTouch MobileLink",16
"LandIT","BroadTouch Business Communicator Mobile - Video",87
"Vsys","Collaborate",207
"bsft","BroadTouch Business Communicator Mobile - Video",12
"Vsys","Enhanced Call Logs",21
"Hospital_Santander","Messaging",127
"Vsys","Integrated IMP",205
"GFC","3STANDARD",26
"Vsys","Video Add-On",8
"Vsys","BroadWorks Receptionist - Small Business",2
"fiscaliatabasco","1BASE",489
"fiscaliatabasco","2BUSINESSLINE",490
"Telmex","Messaging",1896
"AMX_Contenido","BroadTouch Business Communicator Desktop - Video",5
"AMX_Ent_2414026_CUAD","1BASE",17
"SPA","BroadTouch Business Communicator Desktop - Video",134
"fiscaliatabasco","BroadTouch Business Communicator Mobile - Video",24
"fiscaliatabasco","BroadTouch Business Communicator Desktop - Video",33
"Super_Q","BroadTouch Business Communicator Tablet - Video",11
"Telmex","Integrated IMP",1886
"MTBM","BroadTouch Business Communicator Desktop - Video",11
"fiscaliatabasco","Integrated IMP",24
"NSJPBCS","BroadTouch Business Communicator Mobile - Video",4
"Audioconferencias_Telmex","2BUSINESSLINE",1
"JEC","2BUSINESSLINE",40
"Municipio_de_Jerez","1BASE",30
"EAP","3STANDARD",70
"EAP","1BASE",70
"VSF","3STANDARD",14
"VSF","5PREMIUM",9
"VSF","BroadTouch Business Communicator Desktop - Video",9
"VSF","Collaborate",9
"VSF","Integrated IMP",9
"Euro_Alarmas","3STANDARD",17
"VSF","Messaging",9
"AMX_Ent_2414026_CUAD","Collaborate",16
"bsft","Messaging",14
"EAP","BroadTouch Business Communicator Desktop - Video",9
"CCA","BroadTouch Business Communicator Tablet - Video",13
"Nuestra_Caja","5PREMIUM",5
"bsft","5PREMIUM",13
"Euro_Alarmas","4PERSONALMOBILITY",5
"Cometra","Integrated IMP",15
"bsft","BroadTouch Business Communicator Tablet - Video",12
"VSF","1BASE",14
"bsft","BroadTouch Business Communicator Desktop - Video",12
"bsft","Integrated IMP",9
"MTBM","5PREMIUM",33
"MTBM","3STANDARD",79
"MTBM","BroadTouch Business Communicator Tablet - Video",10
"MTBM","4PERSONALMOBILITY",36
"Contingencia","2BUSINESSLINE",70
"MTBM","Messaging",10
"LandIT","5PREMIUM",516
"LandIT","1BASE",524
"Instituto_Salvatierra","1BASE",33
"Generadora_Fenix","BroadTouch Business Communicator Tablet - Video",14
"LandIT","BroadTouch Business Communicator Tablet - Video",87
"GVE","5PREMIUM",74
"LandIT","Collaborate",87
"LandIT","Messaging",133
"Multiservicios_Nieto","3STANDARD",24
"EAP","2BUSINESSLINE",70
"Multiservicios_Nieto","1BASE",24
"Multiservicios_Nieto","2BUSINESSLINE",24
"Multiservicios_Nieto","4PERSONALMOBILITY",7
"Multiservicios_Nieto","BroadTouch Business Communicator Desktop - Video",6
"LALA","Collaborate",2425
"Multiservicios_Nieto","Collaborate",6
"Multiservicios_Nieto","Messaging",6
"AMX_Contenido","4PERSONALMOBILITY",14
"GCM","4PERSONALMOBILITY",22
"Gayosso","Collaborate",43
"AMX_Contenido","Integrated IMP",5
"DURAPLAY","2BUSINESSLINE",24
"EME","1BASE",51
"Nuestra_Caja","Integrated IMP",2
"AMX_Contenido","Messaging",5
"AMX_Ent_2414026_CUAD","5PREMIUM",18
"AMX_Ent_2414026_CUAD","4PERSONALMOBILITY",16
"AMX_Ent_2414026_CUAD","2BUSINESSLINE",16
"AMX_Ent_2414026_CUAD","Calling Line ID Blocking Override",16
"PROVIDENT","4PERSONALMOBILITY",201
"AMX_Ent_2414026_CUAD","BroadTouch Business Communicator Desktop - Video",16
"AMX_Ent_2414026_CUAD","Messaging",16
"Vsys","Number Portability Announcement",8
"BIMBO","Integrated IMP",11
"BIMBO","3STANDARD",485
"EAP","Messaging",70
"BIMBO","BroadTouch Business Communicator Desktop - Video",464
"Operadora Romano","Messaging",160
"BIMBO","5PREMIUM",35
"BIMBO","4PERSONALMOBILITY",37
"BIMBO","Collaborate",11
"BIMBO","Messaging",11
"Nuestra_Caja","2BUSINESSLINE",87
"Nuestra_Caja","BroadTouch Business Communicator Mobile - Video",2
"SESAJ","2BUSINESSLINE",44
"SODEXO","BroadTouch Business Communicator Mobile - Video",48
"SESAJ","BroadTouch Business Communicator Mobile - Video",27
"SESAJ","BroadTouch Business Communicator Desktop - Video",27
"SODEXO","3STANDARD",48
"SESAJ","Collaborate",27
"Instituto_Planeacion_Nayarit","BroadTouch Business Communicator Desktop - Video",17
"SESAJ","Integrated IMP",27
"SODEXO","BroadTouch Business Communicator Desktop - Video",1
"CCA","3STANDARD",145
"CCA","1BASE",145
"CCA","2BUSINESSLINE",145
"CCA","Messaging",13
"Instituto_Salvatierra","BroadWorks Receptionist - Enterprise",1
"Euro_Alarmas","1BASE",27
"Euro_Alarmas","5PREMIUM",5
"Fundacion_TELMEX","Messaging",55
"PROVIDENT","5PREMIUM",201
"Jugos_del_Valle","1BASE",44
"Jugos_del_Valle","2BUSINESSLINE",44
"Jugos_del_Valle","BroadTouch Business Communicator Mobile - Video",7
"LandIT","2BUSINESSLINE",524
"Jugos_del_Valle","Collaborate",7
"CFE","4PERSONALMOBILITY",40
"CAO-TELMEX","BroadTouch Business Communicator Tablet - Video",51
"Generadora_Fenix","2BUSINESSLINE",93
"Generadora_Fenix","BroadTouch Business Communicator Mobile - Video",14
"Generadora_Fenix","Integrated IMP",14
"APA","2BUSINESSLINE",104
"CPM","2BUSINESSLINE",250
"Contingencia","1BASE",70
"Contingencia","BroadTouch Business Communicator Desktop - Video",70
"Contingencia","4PERSONALMOBILITY",71
"Euro_Alarmas","BroadTouch Business Communicator Desktop - Video",1
"Contingencia","Collaborate",2
"CAO-TELMEX","5PREMIUM",51
"CAO-TELMEX","1BASE",51
"CAO-TELMEX","4PERSONALMOBILITY",51
"CECOBAN","Collaborate",60
"CAO-TELMEX","2BUSINESSLINE",51
"CAO-TELMEX","BroadTouch Business Communicator Mobile - Video",51
"Vsys","Assistant-Enterprise",10
"CAO-TELMEX","Messaging",51
"STM","1BASE",36
"SPA","Integrated IMP",2
"Hospital_Santander","1BASE",127
"AMX_Contenido","BroadTouch Business Communicator Tablet - Video",5
"Municipio_de_Jerez","2BUSINESSLINE",30
"Municipio_de_Jerez","Messaging",10
"Hospital_Santander","5PREMIUM",12
"Hospital_Santander","3STANDARD",12
"Hospital_Santander","BroadTouch Business Communicator Mobile - Video",12
"DMHS","Integrated IMP",12
"Fidere_III","BroadTouch Business Communicator Desktop - Video",7
"FGE","5PREMIUM",49