"_id","groupId","serviceProviderId","services"
"AMX_1683598_HG151047@pbxcloud.mx","AMX_1683598","AMX_Ent_1263806","[""Call Forwarding Always""]"
"AMX_1501573_HG73857@pbxcloud.mx","AMX_1501573","AMX_Ent_1322847","[""Call Forwarding Always""]"
"AMX_1516866_HG73526@pbxcloud.mx","AMX_1516866","AMX_Ent_1333158","[""Call Forwarding Always""]"
"AMX_2909533_HG152257@pbxcloud.mx","AMX_2909533","AMX_Ent_1338878","[""Call Forwarding Always""]"
"AMX_1527488_HG73480@pbxcloud.mx","AMX_1527488","AMX_Ent_1340057","[""Call Forwarding Busy""]"
"AMX_1527488_HG73492@pbxcloud.mx","AMX_1527488","AMX_Ent_1340057","[""Call Forwarding Busy""]"
"AMX_1527488_HG73498@pbxcloud.mx","AMX_1527488","AMX_Ent_1340057","[""Call Forwarding Busy""]"
"AMX_1527488_HG73699@pbxcloud.mx","AMX_1527488","AMX_Ent_1340057","[""Call Forwarding Always"",""Selective Call Rejection""]"
"AMX_1527488_HG73705@pbxcloud.mx","AMX_1527488","AMX_Ent_1340057","[""Call Forwarding Always"",""Selective Call Rejection""]"
"AMX_1527488_HG73712@pbxcloud.mx","AMX_1527488","AMX_Ent_1340057","[""Call Forwarding Always"",""Selective Call Rejection""]"
"AMX_1527488_HG73719@pbxcloud.mx","AMX_1527488","AMX_Ent_1340057","[""Call Forwarding Always"",""Selective Call Rejection""]"
"AMX_1527488_HG73725@pbxcloud.mx","AMX_1527488","AMX_Ent_1340057","[""Call Forwarding Always"",""Selective Call Rejection""]"
"AMX_2942996_HG153091@pbxcloud.mx","AMX_2942996","AMX_Ent_1369069","[""Call Forwarding Always""]"
"AMX_2942996_HG153322@pbxcloud.mx","AMX_2942996","AMX_Ent_1369069","[""Call Forwarding Always""]"
"AMX_2942996_HG153330@pbxcloud.mx","AMX_2942996","AMX_Ent_1369069","[""Call Forwarding Always""]"
"AMX_2942996_HG153340@pbxcloud.mx","AMX_2942996","AMX_Ent_1369069","[""Call Forwarding Always""]"
"AMX_2942996_HG153346@pbxcloud.mx","AMX_2942996","AMX_Ent_1369069","[""Call Forwarding Always""]"
"AMX_2200337_HG147781@pbxcloud.mx","AMX_2200337","AMX_Ent_1382476","[""Call Forwarding Always"",""Call Forwarding Busy""]"
"AMX_2200337_HG147846@pbxcloud.mx","AMX_2200337","AMX_Ent_1382476","[""Call Forwarding Always"",""Call Forwarding Busy""]"
"AMX_2200337_HG147855@pbxcloud.mx","AMX_2200337","AMX_Ent_1382476","[""Call Forwarding Always"",""Call Forwarding Busy""]"
"AMX_1615035_HG149685@pbxcloud.mx","AMX_1615035","AMX_Ent_1388110","[""Selective Call Rejection""]"
"AMX_1621162_HG73878@pbxcloud.mx","AMX_1621162","AMX_Ent_1391245","[""Call Forwarding Always""]"
"AMX_1621162_HG73900@pbxcloud.mx","AMX_1621162","AMX_Ent_1391245","[""Call Forwarding Always""]"
"AMX_1621162_HG73907@pbxcloud.mx","AMX_1621162","AMX_Ent_1391245","[""Call Forwarding Always""]"
"AMX_1621162_HG73914@pbxcloud.mx","AMX_1621162","AMX_Ent_1391245","[""Call Forwarding Always""]"
"AMX_1637440_HG73975@pbxcloud.mx","AMX_1637440","AMX_Ent_1399592","[""Call Forwarding Always""]"
"AMX_1637440_HG73982@pbxcloud.mx","AMX_1637440","AMX_Ent_1399592","[""Call Forwarding Always""]"
"AMX_1750417_HG75459@pbxcloud.mx","AMX_1750417","AMX_Ent_1399592","[""Call Forwarding Always""]"
"AMX_2358980_HG148299@pbxcloud.mx","AMX_2358980","AMX_Ent_1405165","[""Call Forwarding Always""]"
"AMX_2358980_HG148308@pbxcloud.mx","AMX_2358980","AMX_Ent_1405165","[""Call Forwarding Always""]"
"AMX_2358980_HG148314@pbxcloud.mx","AMX_2358980","AMX_Ent_1405165","[""Call Forwarding Always""]"
"AMX_2360977_HG148320@pbxcloud.mx","AMX_2360977","AMX_Ent_1405165","[""Call Forwarding Always""]"
"AMX_2360977_HG148329@pbxcloud.mx","AMX_2360977","AMX_Ent_1405165","[""Call Forwarding Always""]"
"AMX_1663186_HG74191@pbxcloud.mx","AMX_1663186","AMX_Ent_1413253","[""Call Forwarding Always""]"
"AMX_1663186_HG74205@pbxcloud.mx","AMX_1663186","AMX_Ent_1413253","[""Call Forwarding Always""]"
"AMX_1663186_HG74233@pbxcloud.mx","AMX_1663186","AMX_Ent_1413253","[""Call Forwarding Always""]"
"AMX_1677347_HG74469@pbxcloud.mx","AMX_1677347","AMX_Ent_1416182","[""Call Forwarding Always""]"
"AMX_1677347_HG74476@pbxcloud.mx","AMX_1677347","AMX_Ent_1416182","[""Call Forwarding Always""]"
"AMX_2309200_HG147996@pbxcloud.mx","AMX_2309200","AMX_Ent_1416182","[""Call Forwarding Always""]"
"AMX_1696458_HG152949@pbxcloud.mx","AMX_1696458","AMX_Ent_1417891","[""Call Forwarding Always""]"
"AMX_1674217_HG74111@pbxcloud.mx","AMX_1674217","AMX_Ent_1419198","[""Call Forwarding Always""]"
"AMX_1955013_HG147111@pbxcloud.mx","AMX_1955013","AMX_Ent_1419198","[""Call Forwarding Always"",""Call Forwarding Busy""]"
"AMX_2876556_HG152011@pbxcloud.mx","AMX_2876556","AMX_Ent_1432517","[""Call Forwarding Always""]"
"AMX_2876556_HG152021@pbxcloud.mx","AMX_2876556","AMX_Ent_1432517","[""Call Forwarding Always""]"
"AMX_2876556_HG152031@pbxcloud.mx","AMX_2876556","AMX_Ent_1432517","[""Call Forwarding Always""]"
"AMX_1700398_HG74976@pbxcloud.mx","AMX_1700398","AMX_Ent_1433528","[""Call Forwarding Always""]"
"AMX_1700398_HG74982@pbxcloud.mx","AMX_1700398","AMX_Ent_1433528","[""Call Forwarding Always""]"
"AMX_1700398_HG74988@pbxcloud.mx","AMX_1700398","AMX_Ent_1433528","[""Call Forwarding Always""]"
"AMX_1700398_HG74994@pbxcloud.mx","AMX_1700398","AMX_Ent_1433528","[""Call Forwarding Always""]"
"AMX_1700398_HG75000@pbxcloud.mx","AMX_1700398","AMX_Ent_1433528","[""Call Forwarding Always""]"
"AMX_1711523_HG75021@pbxcloud.mx","AMX_1711523","AMX_Ent_1433528","[""Call Forwarding Always""]"
"AMX_1711523_HG75027@pbxcloud.mx","AMX_1711523","AMX_Ent_1433528","[""Call Forwarding Always""]"
"AMX_1711523_HG75033@pbxcloud.mx","AMX_1711523","AMX_Ent_1433528","[""Call Forwarding Always""]"
"AMX_1711523_HG75039@pbxcloud.mx","AMX_1711523","AMX_Ent_1433528","[""Call Forwarding Always""]"
"AMX_1701602_HG152375@pbxcloud.mx","AMX_1701602","AMX_Ent_1434516","[""Call Forwarding Always""]"
"AMX_1701602_HG152384@pbxcloud.mx","AMX_1701602","AMX_Ent_1434516","[""Call Forwarding Always""]"
"AMX_1835385_HG75733@pbxcloud.mx","AMX_1835385","AMX_Ent_1439143","[""Call Forwarding Always""]"
"AMX_1730469_HG75323@pbxcloud.mx","AMX_1730469","AMX_Ent_1443342","[""Call Forwarding Busy"",""Voice Messaging User""]"
"AMX_1730469_HG75330@pbxcloud.mx","AMX_1730469","AMX_Ent_1443342","[""Call Forwarding Always"",""Call Forwarding Busy"",""Voice Messaging User""]"
"AMX_1730469_HG75396@pbxcloud.mx","AMX_1730469","AMX_Ent_1443342","[""Call Forwarding Always"",""Voice Messaging User""]"
"AMX_1730469_HG75403@pbxcloud.mx","AMX_1730469","AMX_Ent_1443342","[""Call Forwarding Busy"",""Voice Messaging User""]"
"AMX_1730469_HG75410@pbxcloud.mx","AMX_1730469","AMX_Ent_1443342","[""Call Forwarding Busy"",""Voice Messaging User""]"
"AMX_1730469_HG75417@pbxcloud.mx","AMX_1730469","AMX_Ent_1443342","[""Call Forwarding Always"",""Call Forwarding Busy"",""Voice Messaging User""]"
"AMX_1731382_HG75349@pbxcloud.mx","AMX_1731382","AMX_Ent_1443342","[""Call Forwarding Always""]"
"AMX_1731382_HG75357@pbxcloud.mx","AMX_1731382","AMX_Ent_1443342","[""Call Forwarding Always""]"
"AMX_1731382_HG75363@pbxcloud.mx","AMX_1731382","AMX_Ent_1443342","[""Call Forwarding Always""]"
"AMX_1731382_HG75369@pbxcloud.mx","AMX_1731382","AMX_Ent_1443342","[""Call Forwarding Always""]"
"AMX_3277925_HG154701@pbxcloud.mx","AMX_3277925","AMX_Ent_1450911","[""Call Forwarding Always""]"
"AMX_3277925_HG154710@pbxcloud.mx","AMX_3277925","AMX_Ent_1450911","[""Call Forwarding Always""]"
"AMX_2176952_HG147877@pbxcloud.mx","AMX_2176952","AMX_Ent_1453754","[""Call Forwarding Always""]"
"AMX_2176952_HG147883@pbxcloud.mx","AMX_2176952","AMX_Ent_1453754","[""Call Forwarding Always""]"
"AMX_2176952_HG147890@pbxcloud.mx","AMX_2176952","AMX_Ent_1453754","[""Call Forwarding Always""]"
"AMX_2176995_HG148257@pbxcloud.mx","AMX_2176995","AMX_Ent_1453754","[""Call Forwarding Always""]"
"AMX_2177022_HG148264@pbxcloud.mx","AMX_2177022","AMX_Ent_1453754","[""Call Forwarding Always""]"
"AMX_2208468_HG148270@pbxcloud.mx","AMX_2208468","AMX_Ent_1453754","[""Call Forwarding Always""]"
"AMX_2263413_HG148250@pbxcloud.mx","AMX_2263413","AMX_Ent_1453754","[""Call Forwarding Always""]"
"AMX_1816927_HG75770@pbxcloud.mx","AMX_1816927","AMX_Ent_1469542","[""Call Forwarding Busy""]"
"AMX_1816927_HG75820@pbxcloud.mx","AMX_1816927","AMX_Ent_1469542","[""Call Forwarding Always""]"
"AMX_1816927_HG75834@pbxcloud.mx","AMX_1816927","AMX_Ent_1469542","[""Call Forwarding Always"",""Call Forwarding Busy""]"
"AMX_2656348_HG150449@pbxcloud.mx","AMX_2656348","AMX_Ent_1503488","[""Call Forwarding Busy""]"
"AMX_2632104_HG150250@pbxcloud.mx","AMX_2632104","AMX_Ent_1535910","[""Call Forwarding Always""]"
"AMX_3006558_HG153198@pbxcloud.mx","AMX_3006558","AMX_Ent_1581840","[""Call Forwarding Always""]"
"AMX_3006558_HG153207@pbxcloud.mx","AMX_3006558","AMX_Ent_1581840","[""Call Forwarding Always""]"
"AMX_2892698_HG152440@pbxcloud.mx","AMX_2892698","AMX_Ent_1582377","[""Call Forwarding Always""]"
"AMX_2892698_HG152467@pbxcloud.mx","AMX_2892698","AMX_Ent_1582377","[""Call Forwarding Always""]"
"AMX_2892698_HG152476@pbxcloud.mx","AMX_2892698","AMX_Ent_1582377","[""Call Forwarding Always""]"
"AMX_2892698_HG152485@pbxcloud.mx","AMX_2892698","AMX_Ent_1582377","[""Call Forwarding Always""]"
"AMX_2892698_HG152494@pbxcloud.mx","AMX_2892698","AMX_Ent_1582377","[""Call Forwarding Always""]"
"AMX_2892698_HG152503@pbxcloud.mx","AMX_2892698","AMX_Ent_1582377","[""Call Forwarding Always""]"
"AMX_2913606_HG152416@pbxcloud.mx","AMX_2913606","AMX_Ent_1582377","[""Call Forwarding Always""]"
"AMX_2913606_HG152426@pbxcloud.mx","AMX_2913606","AMX_Ent_1582377","[""Call Forwarding Always""]"
"AMX_2913606_HG152449@pbxcloud.mx","AMX_2913606","AMX_Ent_1582377","[""Call Forwarding Always""]"
"AMX_2913606_HG152458@pbxcloud.mx","AMX_2913606","AMX_Ent_1582377","[""Call Forwarding Always""]"
"AMX_3061023_HG154305@pbxcloud.mx","AMX_3061023","AMX_Ent_1635121","[""Call Forwarding Always""]"
"AMX_3061023_HG154311@pbxcloud.mx","AMX_3061023","AMX_Ent_1635121","[""Call Forwarding Always""]"
"AMX_3061023_HG154318@pbxcloud.mx","AMX_3061023","AMX_Ent_1635121","[""Call Forwarding Always""]"
"AMX_1994789_HG147243@pbxcloud.mx","AMX_1994789","AMX_Ent_1655484","[""Call Forwarding Always""]"
"AMX_2088642_HG147261@pbxcloud.mx","AMX_2088642","AMX_Ent_1685113","[""Call Forwarding Always""]"
"AMX_2088642_HG147270@pbxcloud.mx","AMX_2088642","AMX_Ent_1685113","[""Call Forwarding Always""]"
"AMX_2088642_HG147279@pbxcloud.mx","AMX_2088642","AMX_Ent_1685113","[""Call Forwarding Always"",""Call Forwarding Busy""]"
"AMX_2088642_HG147311@pbxcloud.mx","AMX_2088642","AMX_Ent_1685113","[""Call Forwarding Always""]"
"AMX_2088642_HG147317@pbxcloud.mx","AMX_2088642","AMX_Ent_1685113","[""Call Forwarding Always""]"
"AMX_2088642_HG147323@pbxcloud.mx","AMX_2088642","AMX_Ent_1685113","[""Call Forwarding Always""]"
"AMX_2088525_HG147403@pbxcloud.mx","AMX_2088525","AMX_Ent_1720207","[""Call Forwarding Always""]"
"AMX_2088525_HG148500@pbxcloud.mx","AMX_2088525","AMX_Ent_1720207","[""Call Forwarding Always""]"
"AMX_2431090_HG152110@pbxcloud.mx","AMX_2431090","AMX_Ent_1749201","[""Call Forwarding Always""]"
"AMX_2431090_HG152117@pbxcloud.mx","AMX_2431090","AMX_Ent_1749201","[""Call Forwarding Always""]"
"AMX_2431090_HG152123@pbxcloud.mx","AMX_2431090","AMX_Ent_1749201","[""Call Forwarding Always""]"
"AMX_2431090_HG152129@pbxcloud.mx","AMX_2431090","AMX_Ent_1749201","[""Call Forwarding Always""]"
"AMX_2431090_HG152136@pbxcloud.mx","AMX_2431090","AMX_Ent_1749201","[""Call Forwarding Always""]"
"AMX_2146250_HG147432@pbxcloud.mx","AMX_2146250","AMX_Ent_1751480","[""Call Forwarding Always""]"
"AMX_2146250_HG147441@pbxcloud.mx","AMX_2146250","AMX_Ent_1751480","[""Call Forwarding Always""]"
"AMX_2146250_HG147447@pbxcloud.mx","AMX_2146250","AMX_Ent_1751480","[""Call Forwarding Always""]"
"AMX_2137505_HG151704@pbxcloud.mx","AMX_2137505","AMX_Ent_1765558","[""Call Forwarding Always""]"
"AMX_2137505_HG151710@pbxcloud.mx","AMX_2137505","AMX_Ent_1765558","[""Call Forwarding Always""]"
"AMX_2137505_HG151716@pbxcloud.mx","AMX_2137505","AMX_Ent_1765558","[""Call Forwarding Always""]"
"AMX_2137505_HG151722@pbxcloud.mx","AMX_2137505","AMX_Ent_1765558","[""Call Forwarding Always""]"
"AMX_2137505_HG151729@pbxcloud.mx","AMX_2137505","AMX_Ent_1765558","[""Call Forwarding Always""]"
"AMX_2165993_HG148996@pbxcloud.mx","AMX_2165993","AMX_Ent_1765558","[""Call Forwarding Always""]"
"AMX_2165993_HG151756@pbxcloud.mx","AMX_2165993","AMX_Ent_1765558","[""Call Forwarding Always""]"
"AMX_2165993_HG151768@pbxcloud.mx","AMX_2165993","AMX_Ent_1765558","[""Call Forwarding Always""]"
"AMX_2165993_HG151775@pbxcloud.mx","AMX_2165993","AMX_Ent_1765558","[""Call Forwarding Always""]"
"AMX_2165993_HG151782@pbxcloud.mx","AMX_2165993","AMX_Ent_1765558","[""Call Forwarding Always""]"
"AMX_2145349_HG147902@pbxcloud.mx","AMX_2145349","AMX_Ent_1772869","[""Call Forwarding Always""]"
"AMX_3007571_HG153693@pbxcloud.mx","AMX_3007571","AMX_Ent_1806258","[""Call Forwarding Busy""]"
"AMX_2220420_HG147742@pbxcloud.mx","AMX_2220420","AMX_Ent_1841802","[""Call Forwarding Always""]"
"AMX_2220420_HG147748@pbxcloud.mx","AMX_2220420","AMX_Ent_1841802","[""Call Forwarding Always""]"
"AMX_2220420_HG147755@pbxcloud.mx","AMX_2220420","AMX_Ent_1841802","[""Call Forwarding Always""]"
"AMX_2220420_HG147791@pbxcloud.mx","AMX_2220420","AMX_Ent_1841802","[""Call Forwarding Always""]"
"AMX_2284436_HG148044@pbxcloud.mx","AMX_2284436","AMX_Ent_1841802","[""Call Forwarding Always""]"
"AMX_2284436_HG148056@pbxcloud.mx","AMX_2284436","AMX_Ent_1841802","[""Call Forwarding Always""]"
"AMX_2284436_HG148062@pbxcloud.mx","AMX_2284436","AMX_Ent_1841802","[""Call Forwarding Always""]"
"AMX_2236515_HG148081@pbxcloud.mx","AMX_2236515","AMX_Ent_1854586","[""Call Forwarding Always""]"
"AMX_2236515_HG150838@pbxcloud.mx","AMX_2236515","AMX_Ent_1854586","[""Call Forwarding Always""]"
"AMX_2361091_HG148347@pbxcloud.mx","AMX_2361091","AMX_Ent_1932130","[""Call Forwarding Always""]"
"AMX_2361091_HG148356@pbxcloud.mx","AMX_2361091","AMX_Ent_1932130","[""Call Forwarding Always""]"
"AMX_2392450_HG148200@pbxcloud.mx","AMX_2392450","AMX_Ent_1952379","[""Call Forwarding Always""]"
"AMX_2392450_HG148217@pbxcloud.mx","AMX_2392450","AMX_Ent_1952379","[""Call Forwarding Always""]"
"AMX_2392450_HG148223@pbxcloud.mx","AMX_2392450","AMX_Ent_1952379","[""Call Forwarding Always""]"
"AMX_2392450_HG148230@pbxcloud.mx","AMX_2392450","AMX_Ent_1952379","[""Call Forwarding Always""]"
"AMX_2392450_HG148237@pbxcloud.mx","AMX_2392450","AMX_Ent_1952379","[""Call Forwarding Always""]"
"AMX_2409326_HG148482@pbxcloud.mx","AMX_2409326","AMX_Ent_1952379","[""Call Forwarding Always""]"
"AMX_2409326_HG148488@pbxcloud.mx","AMX_2409326","AMX_Ent_1952379","[""Call Forwarding Always""]"
"AMX_2409326_HG148494@pbxcloud.mx","AMX_2409326","AMX_Ent_1952379","[""Call Forwarding Always""]"
"AMX_2409326_HG148877@pbxcloud.mx","AMX_2409326","AMX_Ent_1952379","[""Call Forwarding Always""]"
"AMX_2422558_HG148428@pbxcloud.mx","AMX_2422558","AMX_Ent_1952379","[""Call Forwarding Always""]"
"AMX_2422558_HG148434@pbxcloud.mx","AMX_2422558","AMX_Ent_1952379","[""Call Forwarding Always""]"
"AMX_2422558_HG148440@pbxcloud.mx","AMX_2422558","AMX_Ent_1952379","[""Call Forwarding Always""]"
"AMX_2422558_HG148446@pbxcloud.mx","AMX_2422558","AMX_Ent_1952379","[""Call Forwarding Always""]"
"AMX_2422558_HG148452@pbxcloud.mx","AMX_2422558","AMX_Ent_1952379","[""Call Forwarding Always""]"
"AMX_2422558_HG148458@pbxcloud.mx","AMX_2422558","AMX_Ent_1952379","[""Call Forwarding Always""]"
"AMX_2424218_HG148507@pbxcloud.mx","AMX_2424218","AMX_Ent_1952379","[""Call Forwarding Always""]"
"AMX_2424218_HG148513@pbxcloud.mx","AMX_2424218","AMX_Ent_1952379","[""Call Forwarding Always""]"
"AMX_2424218_HG148519@pbxcloud.mx","AMX_2424218","AMX_Ent_1952379","[""Call Forwarding Always""]"
"AMX_2424218_HG148525@pbxcloud.mx","AMX_2424218","AMX_Ent_1952379","[""Call Forwarding Always""]"
"AMX_2424218_HG148531@pbxcloud.mx","AMX_2424218","AMX_Ent_1952379","[""Call Forwarding Always""]"
"AMX_2424218_HG148537@pbxcloud.mx","AMX_2424218","AMX_Ent_1952379","[""Call Forwarding Always""]"
"AMX_2424886_HG148623@pbxcloud.mx","AMX_2424886","AMX_Ent_1952379","[""Call Forwarding Always""]"
"AMX_2424886_HG148631@pbxcloud.mx","AMX_2424886","AMX_Ent_1952379","[""Call Forwarding Always""]"
"AMX_2424886_HG148637@pbxcloud.mx","AMX_2424886","AMX_Ent_1952379","[""Call Forwarding Always""]"
"AMX_2425364_HG148543@pbxcloud.mx","AMX_2425364","AMX_Ent_1952379","[""Call Forwarding Always""]"
"AMX_2425364_HG148549@pbxcloud.mx","AMX_2425364","AMX_Ent_1952379","[""Call Forwarding Always""]"
"AMX_2425364_HG148558@pbxcloud.mx","AMX_2425364","AMX_Ent_1952379","[""Call Forwarding Always""]"
"AMX_2425652_HG148643@pbxcloud.mx","AMX_2425652","AMX_Ent_1952379","[""Call Forwarding Always""]"
"AMX_2425652_HG148649@pbxcloud.mx","AMX_2425652","AMX_Ent_1952379","[""Call Forwarding Always""]"
"AMX_2425652_HG148655@pbxcloud.mx","AMX_2425652","AMX_Ent_1952379","[""Call Forwarding Always""]"
"AMX_2425652_HG148661@pbxcloud.mx","AMX_2425652","AMX_Ent_1952379","[""Call Forwarding Always""]"
"AMX_2425652_HG148667@pbxcloud.mx","AMX_2425652","AMX_Ent_1952379","[""Call Forwarding Always""]"
"AMX_2425652_HG148673@pbxcloud.mx","AMX_2425652","AMX_Ent_1952379","[""Call Forwarding Always""]"
"AMX_2425754_HG148679@pbxcloud.mx","AMX_2425754","AMX_Ent_1952379","[""Call Forwarding Always""]"
"AMX_2425754_HG148685@pbxcloud.mx","AMX_2425754","AMX_Ent_1952379","[""Call Forwarding Always""]"
"AMX_2425754_HG148694@pbxcloud.mx","AMX_2425754","AMX_Ent_1952379","[""Call Forwarding Always""]"
"AMX_2425754_HG148700@pbxcloud.mx","AMX_2425754","AMX_Ent_1952379","[""Call Forwarding Always""]"
"AMX_2425754_HG148706@pbxcloud.mx","AMX_2425754","AMX_Ent_1952379","[""Call Forwarding Always""]"
"AMX_2425781_HG148713@pbxcloud.mx","AMX_2425781","AMX_Ent_1952379","[""Call Forwarding Always""]"
"AMX_2425781_HG148719@pbxcloud.mx","AMX_2425781","AMX_Ent_1952379","[""Call Forwarding Always""]"
"AMX_2425781_HG148727@pbxcloud.mx","AMX_2425781","AMX_Ent_1952379","[""Call Forwarding Always""]"
"AMX_2425781_HG148733@pbxcloud.mx","AMX_2425781","AMX_Ent_1952379","[""Call Forwarding Always""]"
"AMX_2425781_HG148739@pbxcloud.mx","AMX_2425781","AMX_Ent_1952379","[""Call Forwarding Always""]"
"AMX_2425781_HG148745@pbxcloud.mx","AMX_2425781","AMX_Ent_1952379","[""Call Forwarding Always""]"
"AMX_2425781_HG148751@pbxcloud.mx","AMX_2425781","AMX_Ent_1952379","[""Call Forwarding Always""]"
"AMX_2432574_HG148789@pbxcloud.mx","AMX_2432574","AMX_Ent_1952379","[""Call Forwarding Always""]"
"AMX_2432574_HG148798@pbxcloud.mx","AMX_2432574","AMX_Ent_1952379","[""Call Forwarding Always""]"
"AMX_2432574_HG148807@pbxcloud.mx","AMX_2432574","AMX_Ent_1952379","[""Call Forwarding Always""]"
"AMX_2432574_HG148816@pbxcloud.mx","AMX_2432574","AMX_Ent_1952379","[""Call Forwarding Always""]"
"AMX_2432574_HG148895@pbxcloud.mx","AMX_2432574","AMX_Ent_1952379","[""Call Forwarding Always""]"
"AMX_2433054_HG148837@pbxcloud.mx","AMX_2433054","AMX_Ent_1952379","[""Call Forwarding Always""]"
"AMX_2433054_HG148847@pbxcloud.mx","AMX_2433054","AMX_Ent_1952379","[""Call Forwarding Always""]"
"AMX_2433054_HG148853@pbxcloud.mx","AMX_2433054","AMX_Ent_1952379","[""Call Forwarding Always""]"
"AMX_2433054_HG148859@pbxcloud.mx","AMX_2433054","AMX_Ent_1952379","[""Call Forwarding Always""]"
"AMX_2433054_HG148865@pbxcloud.mx","AMX_2433054","AMX_Ent_1952379","[""Call Forwarding Always""]"
"AMX_2417744_HG149030@pbxcloud.mx","AMX_2417744","AMX_Ent_1966829","[""Call Forwarding Always""]"
"AMX_2441189_HG154436@pbxcloud.mx","AMX_2441189","AMX_Ent_1980426","[""Call Forwarding Always""]"
"AMX_2449915_HG149046@pbxcloud.mx","AMX_2449915","AMX_Ent_1985273","[""Call Forwarding Always""]"
"AMX_2449915_HG149052@pbxcloud.mx","AMX_2449915","AMX_Ent_1985273","[""Call Forwarding Always""]"
"AMX_2449915_HG149058@pbxcloud.mx","AMX_2449915","AMX_Ent_1985273","[""Call Forwarding Always""]"
"AMX_2454187_HG150456@pbxcloud.mx","AMX_2454187","AMX_Ent_1987572","[""Call Forwarding Always""]"
"AMX_2454187_HG150465@pbxcloud.mx","AMX_2454187","AMX_Ent_1987572","[""Call Forwarding Always""]"
"AMX_2458129_HG149264@pbxcloud.mx","AMX_2458129","AMX_Ent_1989717","[""Call Forwarding Always""]"
"AMX_2458129_HG149274@pbxcloud.mx","AMX_2458129","AMX_Ent_1989717","[""Call Forwarding Always""]"
"AMX_2458129_HG149281@pbxcloud.mx","AMX_2458129","AMX_Ent_1989717","[""Call Forwarding Always""]"
"AMX_2458129_HG149288@pbxcloud.mx","AMX_2458129","AMX_Ent_1989717","[""Call Forwarding Always""]"
"AMX_2479305_HG149468@pbxcloud.mx","AMX_2479305","AMX_Ent_1989717","[""Call Forwarding Always""]"
"AMX_2479305_HG149478@pbxcloud.mx","AMX_2479305","AMX_Ent_1989717","[""Call Forwarding Always""]"
"AMX_2479305_HG149487@pbxcloud.mx","AMX_2479305","AMX_Ent_1989717","[""Call Forwarding Always""]"
"AMX_2476001_HG149376@pbxcloud.mx","AMX_2476001","AMX_Ent_1999120","[""Call Forwarding Always""]"
"AMX_2494114_HG149423@pbxcloud.mx","AMX_2494114","AMX_Ent_2000508","[""Call Forwarding Always""]"
"AMX_2748398_HG151672@pbxcloud.mx","AMX_2748398","AMX_Ent_2042115","[""Call Forwarding Always""]"
"AMX_2748398_HG151680@pbxcloud.mx","AMX_2748398","AMX_Ent_2042115","[""Call Forwarding Always""]"
"AMX_2748398_HG151687@pbxcloud.mx","AMX_2748398","AMX_Ent_2042115","[""Call Forwarding Always""]"
"AMX_2585398_HG150163@pbxcloud.mx","AMX_2585398","AMX_Ent_2055947","[""Call Forwarding Always""]"
"AMX_2585398_HG150171@pbxcloud.mx","AMX_2585398","AMX_Ent_2055947","[""Call Forwarding Always""]"
"AMX_2597971_HG149996@pbxcloud.mx","AMX_2597971","AMX_Ent_2062570","[""Call Forwarding Always"",""Call Forwarding Busy""]"
"AMX_2599176_HG150039@pbxcloud.mx","AMX_2599176","AMX_Ent_2063322","[""Call Forwarding Always""]"
"AMX_2599176_HG150139@pbxcloud.mx","AMX_2599176","AMX_Ent_2063322","[""Call Forwarding Always""]"
"AMX_2599176_HG151827@pbxcloud.mx","AMX_2599176","AMX_Ent_2063322","[""Call Forwarding Always""]"
"AMX_2644753_HG150396@pbxcloud.mx","AMX_2644753","AMX_Ent_2063322","[""Call Forwarding Always""]"
"AMX_2644753_HG150515@pbxcloud.mx","AMX_2644753","AMX_Ent_2063322","[""Call Forwarding Always""]"
"AMX_2644753_HG150954@pbxcloud.mx","AMX_2644753","AMX_Ent_2063322","[""Call Forwarding Always""]"
"AMX_2644753_HG151317@pbxcloud.mx","AMX_2644753","AMX_Ent_2063322","[""Call Forwarding Always""]"
"AMX_2644753_HG151404@pbxcloud.mx","AMX_2644753","AMX_Ent_2063322","[""Call Forwarding Always""]"
"AMX_2679359_HG150562@pbxcloud.mx","AMX_2679359","AMX_Ent_2063322","[""Call Forwarding Always""]"
"AMX_2679359_HG151386@pbxcloud.mx","AMX_2679359","AMX_Ent_2063322","[""Call Forwarding Always""]"
"AMX_2679359_HG151392@pbxcloud.mx","AMX_2679359","AMX_Ent_2063322","[""Call Forwarding Always""]"
"AMX_2679359_HG151398@pbxcloud.mx","AMX_2679359","AMX_Ent_2063322","[""Call Forwarding Always""]"
"AMX_2679359_HG151541@pbxcloud.mx","AMX_2679359","AMX_Ent_2063322","[""Call Forwarding Always""]"
"AMX_2602176_HG151329@pbxcloud.mx","AMX_2602176","AMX_Ent_2065070","[""Call Forwarding Always""]"
"AMX_2602176_HG151338@pbxcloud.mx","AMX_2602176","AMX_Ent_2065070","[""Call Forwarding Always""]"
"AMX_2602176_HG151347@pbxcloud.mx","AMX_2602176","AMX_Ent_2065070","[""Call Forwarding Always""]"
"AMX_2602176_HG151356@pbxcloud.mx","AMX_2602176","AMX_Ent_2065070","[""Call Forwarding Always""]"
"AMX_2602176_HG151365@pbxcloud.mx","AMX_2602176","AMX_Ent_2065070","[""Call Forwarding Always""]"
"AMX_2602176_HG151375@pbxcloud.mx","AMX_2602176","AMX_Ent_2065070","[""Call Forwarding Always""]"
"AMX_2705721_HG151430@pbxcloud.mx","AMX_2705721","AMX_Ent_2065070","[""Call Forwarding Always""]"
"AMX_2644181_HG151244@pbxcloud.mx","AMX_2644181","AMX_Ent_2087589","[""Call Forwarding Always""]"
"AMX_2746252_HG151452@pbxcloud.mx","AMX_2746252","AMX_Ent_2097040","[""Call Forwarding Always""]"
"AMX_2672519_HG150679@pbxcloud.mx","AMX_2672519","AMX_Ent_2101454","[""Call Forwarding Always""]"
"AMX_2672519_HG150697@pbxcloud.mx","AMX_2672519","AMX_Ent_2101454","[""Call Forwarding Always""]"
"AMX_2672519_HG150706@pbxcloud.mx","AMX_2672519","AMX_Ent_2101454","[""Call Forwarding Always""]"
"Hg-did-2@pbxcloud.mx","AMX_2672519","AMX_Ent_2101454","[""Call Forwarding Always""]"
"Hg-did@pbxcloud.mx","AMX_2672519","AMX_Ent_2101454","[""Call Forwarding Always""]"
"AMX_2766656_HG151472@pbxcloud.mx","AMX_2766656","AMX_Ent_2101454","[""Call Forwarding Always""]"
"AMX_2766656_HG151478@pbxcloud.mx","AMX_2766656","AMX_Ent_2101454","[""Call Forwarding Always""]"
"AMX_2766656_HG151491@pbxcloud.mx","AMX_2766656","AMX_Ent_2101454","[""Call Forwarding Always""]"
"AMX_2766656_HG151498@pbxcloud.mx","AMX_2766656","AMX_Ent_2101454","[""Call Forwarding Always""]"
"AMX_2684334_HG150574@pbxcloud.mx","AMX_2684334","AMX_Ent_2109973","[""Call Forwarding Busy""]"
"AMX_2725631_HG151308@pbxcloud.mx","AMX_2725631","AMX_Ent_2116994","[""Call Forwarding Always""]"
"AMX_2729690_HG152575@pbxcloud.mx","AMX_2729690","AMX_Ent_2135505","[""Call Forwarding Always""]"
"AMX_2729690_HG152583@pbxcloud.mx","AMX_2729690","AMX_Ent_2135505","[""Call Forwarding Always""]"
"AMX_2729690_HG152593@pbxcloud.mx","AMX_2729690","AMX_Ent_2135505","[""Call Forwarding Always""]"
"AMX_2729690_HG152599@pbxcloud.mx","AMX_2729690","AMX_Ent_2135505","[""Call Forwarding Always""]"
"AMX_2729690_HG152608@pbxcloud.mx","AMX_2729690","AMX_Ent_2135505","[""Call Forwarding Always""]"
"AMX_2729690_HG152616@pbxcloud.mx","AMX_2729690","AMX_Ent_2135505","[""Call Forwarding Always""]"
"AMX_2865358_HG151937@pbxcloud.mx","AMX_2865358","AMX_Ent_2144080","[""Call Forwarding Always""]"
"AMX_2865358_HG151947@pbxcloud.mx","AMX_2865358","AMX_Ent_2144080","[""Call Forwarding Always""]"
"AMX_2865358_HG151955@pbxcloud.mx","AMX_2865358","AMX_Ent_2144080","[""Call Forwarding Always""]"
"AMX_2865358_HG151962@pbxcloud.mx","AMX_2865358","AMX_Ent_2144080","[""Call Forwarding Always""]"
"AMX_2865358_HG151975@pbxcloud.mx","AMX_2865358","AMX_Ent_2144080","[""Call Forwarding Always""]"
"AMX_2797606_HG151601@pbxcloud.mx","AMX_2797606","AMX_Ent_2169494","[""Call Forwarding Always""]"
"AMX_2797606_HG151607@pbxcloud.mx","AMX_2797606","AMX_Ent_2169494","[""Call Forwarding Always""]"
"AMX_2797606_HG151658@pbxcloud.mx","AMX_2797606","AMX_Ent_2169494","[""Call Forwarding Always""]"
"AMX_2800622_HG151548@pbxcloud.mx","AMX_2800622","AMX_Ent_2173303","[""Call Forwarding Always""]"
"AMX_2800622_HG151561@pbxcloud.mx","AMX_2800622","AMX_Ent_2173303","[""Call Forwarding Always""]"
"AMX_2807065_HG151615@pbxcloud.mx","AMX_2807065","AMX_Ent_2176612","[""Call Forwarding Always""]"
"AMX_2807065_HG151621@pbxcloud.mx","AMX_2807065","AMX_Ent_2176612","[""Call Forwarding Always""]"
"AMX_2807065_HG151627@pbxcloud.mx","AMX_2807065","AMX_Ent_2176612","[""Call Forwarding Always""]"
"AMX_2807065_HG151633@pbxcloud.mx","AMX_2807065","AMX_Ent_2176612","[""Call Forwarding Always""]"
"AMX_2815118_HG151802@pbxcloud.mx","AMX_2815118","AMX_Ent_2180873","[""Call Forwarding Always""]"
"AMX_2815118_HG151982@pbxcloud.mx","AMX_2815118","AMX_Ent_2180873","[""Call Forwarding Always""]"
"AMX_2849964_HG151910@pbxcloud.mx","AMX_2849964","AMX_Ent_2198225","[""Call Forwarding Always""]"
"AMX_2849964_HG151916@pbxcloud.mx","AMX_2849964","AMX_Ent_2198225","[""Call Forwarding Always""]"
"AMX_2849964_HG151922@pbxcloud.mx","AMX_2849964","AMX_Ent_2198225","[""Call Forwarding Always""]"
"AMX_2849964_HG151930@pbxcloud.mx","AMX_2849964","AMX_Ent_2198225","[""Call Forwarding Always""]"
"AMX_2854203_HG151837@pbxcloud.mx","AMX_2854203","AMX_Ent_2200273","[""Call Forwarding Always""]"
"AMX_2854203_HG151843@pbxcloud.mx","AMX_2854203","AMX_Ent_2200273","[""Call Forwarding Always""]"
"AMX_2883867_HG152747@pbxcloud.mx","AMX_2883867","AMX_Ent_2201755","[""Call Forwarding Always""]"
"AMX_2904196_HG152771@pbxcloud.mx","AMX_2904196","AMX_Ent_2201755","[""Call Forwarding Always""]"
"AMX_2904196_HG152777@pbxcloud.mx","AMX_2904196","AMX_Ent_2201755","[""Call Forwarding Always""]"
"AMX_2904196_HG152783@pbxcloud.mx","AMX_2904196","AMX_Ent_2201755","[""Call Forwarding Always""]"
"AMX_2904196_HG152789@pbxcloud.mx","AMX_2904196","AMX_Ent_2201755","[""Call Forwarding Always""]"
"AMX_2904196_HG152795@pbxcloud.mx","AMX_2904196","AMX_Ent_2201755","[""Call Forwarding Always""]"
"AMX_2903709_HG152834@pbxcloud.mx","AMX_2903709","AMX_Ent_2223459","[""Call Forwarding Always""]"
"AMX_2903709_HG152843@pbxcloud.mx","AMX_2903709","AMX_Ent_2223459","[""Call Forwarding Always""]"
"AMX_2903709_HG152849@pbxcloud.mx","AMX_2903709","AMX_Ent_2223459","[""Call Forwarding Always""]"
"AMX_2903709_HG152855@pbxcloud.mx","AMX_2903709","AMX_Ent_2223459","[""Call Forwarding Always""]"
"AMX_2923230_HG152923@pbxcloud.mx","AMX_2923230","AMX_Ent_2231620","[""Call Forwarding Always""]"
"AMX_2923230_HG152929@pbxcloud.mx","AMX_2923230","AMX_Ent_2231620","[""Call Forwarding Always""]"
"AMX_2923230_HG152936@pbxcloud.mx","AMX_2923230","AMX_Ent_2231620","[""Call Forwarding Always""]"
"AMX_2923230_HG152943@pbxcloud.mx","AMX_2923230","AMX_Ent_2231620","[""Call Forwarding Always""]"
"AMX_2924718_HG153133@pbxcloud.mx","AMX_2924718","AMX_Ent_2232078","[""Call Forwarding Always""]"
"AMX_2924718_HG153144@pbxcloud.mx","AMX_2924718","AMX_Ent_2232078","[""Call Forwarding Always""]"
"AMX_2924718_HG153150@pbxcloud.mx","AMX_2924718","AMX_Ent_2232078","[""Call Forwarding Always""]"
"AMX_2924718_HG153158@pbxcloud.mx","AMX_2924718","AMX_Ent_2232078","[""Call Forwarding Always""]"
"AMX_2924718_HG153164@pbxcloud.mx","AMX_2924718","AMX_Ent_2232078","[""Call Forwarding Always""]"
"AMX_2930184_HG152890@pbxcloud.mx","AMX_2930184","AMX_Ent_2232078","[""Call Forwarding Always""]"
"AMX_2930184_HG152917@pbxcloud.mx","AMX_2930184","AMX_Ent_2232078","[""Call Forwarding Always""]"
"AMX_2930184_HG153170@pbxcloud.mx","AMX_2930184","AMX_Ent_2232078","[""Call Forwarding Always""]"
"AMX_2930184_HG153176@pbxcloud.mx","AMX_2930184","AMX_Ent_2232078","[""Call Forwarding Always""]"
"AMX_2930184_HG153182@pbxcloud.mx","AMX_2930184","AMX_Ent_2232078","[""Call Forwarding Always""]"
"AMX_3111872_HG153628@pbxcloud.mx","AMX_3111872","AMX_Ent_2232078","[""Call Forwarding Always""]"
"AMX_3111872_HG153637@pbxcloud.mx","AMX_3111872","AMX_Ent_2232078","[""Call Forwarding Always""]"
"AMX_3111872_HG153645@pbxcloud.mx","AMX_3111872","AMX_Ent_2232078","[""Call Forwarding Always""]"
"AMX_3111872_HG153651@pbxcloud.mx","AMX_3111872","AMX_Ent_2232078","[""Call Forwarding Always""]"
"AMX_3111872_HG153657@pbxcloud.mx","AMX_3111872","AMX_Ent_2232078","[""Call Forwarding Always""]"
"AMX_2928877_HG153265@pbxcloud.mx","AMX_2928877","AMX_Ent_2233642","[""Call Forwarding Always""]"
"AMX_2928877_HG153274@pbxcloud.mx","AMX_2928877","AMX_Ent_2233642","[""Call Forwarding Always""]"
"AMX_2928877_HG153284@pbxcloud.mx","AMX_2928877","AMX_Ent_2233642","[""Call Forwarding Always""]"
"AMX_2962990_HG153370@pbxcloud.mx","AMX_2962990","AMX_Ent_2242061","[""Call Forwarding Always""]"
"AMX_2962990_HG153376@pbxcloud.mx","AMX_2962990","AMX_Ent_2242061","[""Call Forwarding Always""]"
"AMX_2962990_HG153386@pbxcloud.mx","AMX_2962990","AMX_Ent_2242061","[""Call Forwarding Always""]"
"AMX_2962990_HG153392@pbxcloud.mx","AMX_2962990","AMX_Ent_2242061","[""Call Forwarding Always""]"
"AMX_2981269_HG153240@pbxcloud.mx","AMX_2981269","AMX_Ent_2255759","[""Call Forwarding Always""]"
"grupo_de_busqueda@pbxcloud.mx","AMX_Ent_3042443","AMX_Ent_2270213","[""Call Forwarding Always""]"
"AMX_3096340_HG153600@pbxcloud.mx","AMX_3096340","AMX_Ent_2286858","[""Call Forwarding Always""]"
"AMX_3096340_HG153609@pbxcloud.mx","AMX_3096340","AMX_Ent_2286858","[""Call Forwarding Always""]"
"AMX_3078816_HG153494@pbxcloud.mx","AMX_3078816","AMX_Ent_2297794","[""Call Forwarding Always""]"
"AMX_3078816_HG153663@pbxcloud.mx","AMX_3078816","AMX_Ent_2297794","[""Call Forwarding Always""]"
"AMX_3078816_HG153675@pbxcloud.mx","AMX_3078816","AMX_Ent_2297794","[""Call Forwarding Always""]"
"AMX_3079162_HG153505@pbxcloud.mx","AMX_3079162","AMX_Ent_2297926","[""Call Forwarding Always""]"
"AMX_3079162_HG153511@pbxcloud.mx","AMX_3079162","AMX_Ent_2297926","[""Call Forwarding Always""]"
"AMX_3079162_HG153517@pbxcloud.mx","AMX_3079162","AMX_Ent_2297926","[""Call Forwarding Always""]"
"AMX_3079162_HG153571@pbxcloud.mx","AMX_3079162","AMX_Ent_2297926","[""Call Forwarding Always""]"
"AMX_3172790_HG153977@pbxcloud.mx","AMX_3172790","AMX_Ent_2335924","[""Call Forwarding Always""]"
"AMX_3197402_HG154038@pbxcloud.mx","AMX_3197402","AMX_Ent_2345983","[""Call Forwarding Always""]"
"AMX_3197402_HG154082@pbxcloud.mx","AMX_3197402","AMX_Ent_2345983","[""Call Forwarding Always""]"
"AMX_3204252_HG154053@pbxcloud.mx","AMX_3204252","AMX_Ent_2348926","[""Call Forwarding Always""]"
"AMX_3205960_HG154686@pbxcloud.mx","AMX_3205960","AMX_Ent_2349609","[""Call Forwarding Always""]"
"AMX_3246597_HG154373@pbxcloud.mx","AMX_3246597","AMX_Ent_2366248","[""Call Forwarding Always""]"
"AMX_3258153_HG154388@pbxcloud.mx","AMX_3258153","AMX_Ent_2366306","[""Call Forwarding Always""]"
"AMX_3263823_HG154566@pbxcloud.mx","AMX_3263823","AMX_Ent_2372561","[""Call Forwarding Always""]"
"AMX_3263823_HG154607@pbxcloud.mx","AMX_3263823","AMX_Ent_2372561","[""Call Forwarding Always""]"
"AMX_3263823_HG154613@pbxcloud.mx","AMX_3263823","AMX_Ent_2372561","[""Call Forwarding Always""]"
"AMX_3263823_HG154637@pbxcloud.mx","AMX_3263823","AMX_Ent_2372561","[""Call Forwarding Always""]"
"AMX_3263823_HG154644@pbxcloud.mx","AMX_3263823","AMX_Ent_2372561","[""Call Forwarding Always""]"
"AMX_3263823_HG154651@pbxcloud.mx","AMX_3263823","AMX_Ent_2372561","[""Call Forwarding Always""]"
"AMX_3240557_HG154739@pbxcloud.mx","AMX_3240557","AMX_Ent_2364080","[""Call Forwarding Always""]"
"AMX_3240557_HG154745@pbxcloud.mx","AMX_3240557","AMX_Ent_2364080","[""Call Forwarding Always""]"
"AMX_3240614_HG154726@pbxcloud.mx","AMX_3240614","AMX_Ent_2364108","[""Call Forwarding Always""]"
"AMX_3240614_HG154732@pbxcloud.mx","AMX_3240614","AMX_Ent_2364108","[""Call Forwarding Always""]"
"AMX_3304513_HG154918@pbxcloud.mx","AMX_3304513","AMX_Ent_2380923","[""Call Forwarding Busy""]"
"AMX_3304513_HG154931@pbxcloud.mx","AMX_3304513","AMX_Ent_2380923","[""Call Forwarding Always""]"
"AMX_3304513_HG154937@pbxcloud.mx","AMX_3304513","AMX_Ent_2380923","[""Call Forwarding Always""]"
"AMX_3304513_HG154943@pbxcloud.mx","AMX_3304513","AMX_Ent_2380923","[""Call Forwarding Always""]"
"AMX_3304513_HG155031@pbxcloud.mx","AMX_3304513","AMX_Ent_2380923","[""Call Forwarding Busy""]"
"AMX_3304513_HG155046@pbxcloud.mx","AMX_3304513","AMX_Ent_2380923","[""Call Forwarding Busy""]"
"AMX_3304513_HG155056@pbxcloud.mx","AMX_3304513","AMX_Ent_2380923","[""Call Forwarding Busy""]"
"AMX_3304513_HG155066@pbxcloud.mx","AMX_3304513","AMX_Ent_2380923","[""Call Forwarding Busy""]"
"AMX_3304564_HG154912@pbxcloud.mx","AMX_3304564","AMX_Ent_2380923","[""Call Forwarding Always""]"
"AMX_3304564_HG154967@pbxcloud.mx","AMX_3304564","AMX_Ent_2380923","[""Call Forwarding Busy""]"
"AMX_3304564_HG154993@pbxcloud.mx","AMX_3304564","AMX_Ent_2380923","[""Call Forwarding Busy""]"
"AMX_3304564_HG154999@pbxcloud.mx","AMX_3304564","AMX_Ent_2380923","[""Call Forwarding Busy""]"
"AMX_3304564_HG155005@pbxcloud.mx","AMX_3304564","AMX_Ent_2380923","[""Call Forwarding Busy""]"
"AMX_3301856_HG155119@pbxcloud.mx","AMX_3301856","AMX_Ent_2047269","[""Call Forwarding Always""]"
"AMX_2686005_HG155381@pbxcloud.mx","AMX_2686005","AMX_Ent_2110928","[""Call Forwarding Always""]"
"AMX_2686005_HG155387@pbxcloud.mx","AMX_2686005","AMX_Ent_2110928","[""Call Forwarding Always""]"
"AMX_3275949_HG155407@pbxcloud.mx","AMX_3275949","AMX_Ent_2376703","[""Call Forwarding Always""]"
"AMX_3361642_HG155524@pbxcloud.mx","AMX_3361642","AMX_Ent_1445434","[""Call Forwarding Always""]"
"AMX_3361642_HG155538@pbxcloud.mx","AMX_3361642","AMX_Ent_1445434","[""Call Forwarding Always""]"
"AMX_3361770_HG155490@pbxcloud.mx","AMX_3361770","AMX_Ent_1445434","[""Call Forwarding Always""]"
"AMX_3361770_HG155496@pbxcloud.mx","AMX_3361770","AMX_Ent_1445434","[""Call Forwarding Always""]"
"AMX_3316058_HG155581@pbxcloud.mx","AMX_3316058","AMX_Ent_2390961","[""Call Forwarding Always""]"
"AMX_3316058_HG155587@pbxcloud.mx","AMX_3316058","AMX_Ent_2390961","[""Call Forwarding Always""]"
"AMX_3316058_HG155594@pbxcloud.mx","AMX_3316058","AMX_Ent_2390961","[""Call Forwarding Always""]"
"AMX_3378145_HG155511@pbxcloud.mx","AMX_3378145","AMX_Ent_2416871","[""Call Forwarding Always""]"
"AMX_3363627_HG155653@pbxcloud.mx","AMX_3363627","AMX_Ent_2410701","[""Call Forwarding Always""]"
"AMX_3363627_HG155662@pbxcloud.mx","AMX_3363627","AMX_Ent_2410701","[""Call Forwarding Always""]"
"AMX_3363627_HG155669@pbxcloud.mx","AMX_3363627","AMX_Ent_2410701","[""Call Forwarding Always""]"
"AMX_2284436_HG155711@pbxcloud.mx","AMX_2284436","AMX_Ent_1841802","[""Call Forwarding Always""]"
"AMX_3379546_HG155871@pbxcloud.mx","AMX_3379546","AMX_Ent_2397843","[""Call Forwarding Always""]"
"AMX_3379546_HG155880@pbxcloud.mx","AMX_3379546","AMX_Ent_2397843","[""Call Forwarding Always"",""Call Forwarding Busy""]"
"AMX_3379546_HG155887@pbxcloud.mx","AMX_3379546","AMX_Ent_2397843","[""Call Forwarding Always""]"
"AMX_3379546_HG155894@pbxcloud.mx","AMX_3379546","AMX_Ent_2397843","[""Call Forwarding Always""]"
"AMX_3379546_HG155904@pbxcloud.mx","AMX_3379546","AMX_Ent_2397843","[""Call Forwarding Always""]"
"AMX_3379546_HG155910@pbxcloud.mx","AMX_3379546","AMX_Ent_2397843","[""Call Forwarding Always""]"
"AMX_3379546_HG155918@pbxcloud.mx","AMX_3379546","AMX_Ent_2397843","[""Call Forwarding Always""]"
"AMX_3368824_HG155694@pbxcloud.mx","AMX_3368824","AMX_Ent_2412776","[""Call Forwarding Always""]"
"AMX_3368824_HG155700@pbxcloud.mx","AMX_3368824","AMX_Ent_2412776","[""Call Forwarding Always""]"
"AMX_3386148_HG155817@pbxcloud.mx","AMX_3386148","AMX_Ent_2420414","[""Call Forwarding Always""]"
"AMX_3413417_HG155774@pbxcloud.mx","AMX_3413417","AMX_Ent_2425212","[""Call Forwarding Always"",""Call Forwarding Busy""]"
"AMX_3420459_HG155996@pbxcloud.mx","AMX_3420459","AMX_Ent_2437012","[""Call Forwarding Always""]"
"AMX_3420459_HG156005@pbxcloud.mx","AMX_3420459","AMX_Ent_2437012","[""Call Forwarding Always""]"
"AMX_3420459_HG156014@pbxcloud.mx","AMX_3420459","AMX_Ent_2437012","[""Call Forwarding Always""]"
"AMX_3420459_HG156023@pbxcloud.mx","AMX_3420459","AMX_Ent_2437012","[""Call Forwarding Always""]"
"AMX_2892622_HG156032@pbxcloud.mx","AMX_2892622","AMX_Ent_2218336","[""Call Forwarding Always""]"
"AMX_3429661_HG156104@pbxcloud.mx","AMX_3429661","AMX_Ent_2440890","[""Call Forwarding Always""]"
"AMX_3429661_HG156110@pbxcloud.mx","AMX_3429661","AMX_Ent_2440890","[""Call Forwarding Always""]"
"AMX_3429661_HG156117@pbxcloud.mx","AMX_3429661","AMX_Ent_2440890","[""Call Forwarding Always""]"
"AMX_3429661_HG156124@pbxcloud.mx","AMX_3429661","AMX_Ent_2440890","[""Call Forwarding Always""]"
"AMX_3429661_HG156131@pbxcloud.mx","AMX_3429661","AMX_Ent_2440890","[""Call Forwarding Always""]"
"AMX_3429661_HG156139@pbxcloud.mx","AMX_3429661","AMX_Ent_2440890","[""Call Forwarding Always""]"
"AMX_3429661_HG156146@pbxcloud.mx","AMX_3429661","AMX_Ent_2440890","[""Call Forwarding Always""]"
"AMX_3429661_HG156153@pbxcloud.mx","AMX_3429661","AMX_Ent_2440890","[""Call Forwarding Always""]"
"AMX_3429661_HG156162@pbxcloud.mx","AMX_3429661","AMX_Ent_2440890","[""Call Forwarding Always""]"
"AMX_3429661_HG156169@pbxcloud.mx","AMX_3429661","AMX_Ent_2440890","[""Call Forwarding Always""]"
"AMX_3450798_HG156091@pbxcloud.mx","AMX_3450798","AMX_Ent_2450555","[""Call Forwarding Always"",""Call Forwarding Busy""]"
"AMX_3449744_HG156197@pbxcloud.mx","AMX_3449744","AMX_Ent_1612371","[""Call Forwarding Always"",""Call Forwarding Busy""]"
"AMX_3449744_HG156203@pbxcloud.mx","AMX_3449744","AMX_Ent_1612371","[""Call Forwarding Always"",""Call Forwarding Busy""]"
"AMX_3449744_HG156209@pbxcloud.mx","AMX_3449744","AMX_Ent_1612371","[""Call Forwarding Always"",""Call Forwarding Busy""]"
"AMX_3429252_HG156215@pbxcloud.mx","AMX_3429252","AMX_Ent_2227229","[""Call Forwarding Always"",""Call Forwarding Busy""]"
"AMX_3403482_HG156272@pbxcloud.mx","AMX_3403482","AMX_Ent_2428841","[""Call Forwarding Always"",""Call Forwarding Busy""]"
"AMX_3429661_HG156278@pbxcloud.mx","AMX_3429661","AMX_Ent_2440890","[""Call Forwarding Always"",""Call Forwarding Busy""]"
"AMX_3429661_HG156285@pbxcloud.mx","AMX_3429661","AMX_Ent_2440890","[""Call Forwarding Always"",""Call Forwarding Busy""]"
"AMX_3470026_HG156296@pbxcloud.mx","AMX_3470026","AMX_Ent_1380538","[""Call Forwarding Always"",""Call Forwarding Busy""]"
"AMX_3470026_HG156305@pbxcloud.mx","AMX_3470026","AMX_Ent_1380538","[""Call Forwarding Always"",""Call Forwarding Busy""]"
"AMX_3470026_HG156311@pbxcloud.mx","AMX_3470026","AMX_Ent_1380538","[""Call Forwarding Always"",""Call Forwarding Busy""]"
"AMX_3470026_HG156318@pbxcloud.mx","AMX_3470026","AMX_Ent_1380538","[""Call Forwarding Always"",""Call Forwarding Busy""]"
"AMX_3470026_HG156325@pbxcloud.mx","AMX_3470026","AMX_Ent_1380538","[""Call Forwarding Always"",""Call Forwarding Busy""]"
"AMX_3470026_HG156332@pbxcloud.mx","AMX_3470026","AMX_Ent_1380538","[""Call Forwarding Always"",""Call Forwarding Busy""]"
"AMX_3469465_HG156352@pbxcloud.mx","AMX_3469465","AMX_Ent_2457919","[""Call Forwarding Always"",""Call Forwarding Busy""]"
"AMX_3469465_HG156358@pbxcloud.mx","AMX_3469465","AMX_Ent_2457919","[""Call Forwarding Always"",""Call Forwarding Busy""]"
"AMX_3469465_HG156364@pbxcloud.mx","AMX_3469465","AMX_Ent_2457919","[""Call Forwarding Always"",""Call Forwarding Busy""]"
"AMX_3475726_HG156377@pbxcloud.mx","AMX_3475726","AMX_Ent_2454730","[""Call Forwarding Always"",""Call Forwarding Busy""]"
"AMX_3477527_HG156371@pbxcloud.mx","AMX_3477527","AMX_Ent_2460819","[""Call Forwarding Always"",""Call Forwarding Busy""]"
"AMX_3470814_HG156392@pbxcloud.mx","AMX_3470814","AMX_Ent_1715985","[""Call Forwarding Always"",""Call Forwarding Busy""]"
"AMX_3480113_HG156398@pbxcloud.mx","AMX_3480113","AMX_Ent_2457919","[""Call Forwarding Always"",""Call Forwarding Busy""]"
"AMX_3480113_HG156408@pbxcloud.mx","AMX_3480113","AMX_Ent_2457919","[""Call Forwarding Always"",""Call Forwarding Busy""]"
"AMX_3470814_HG156426@pbxcloud.mx","AMX_3470814","AMX_Ent_1715985","[""Call Forwarding Always"",""Call Forwarding Busy""]"
"AMX_3470814_HG156432@pbxcloud.mx","AMX_3470814","AMX_Ent_1715985","[""Call Forwarding Always"",""Call Forwarding Busy""]"
"AMX_3470814_HG156438@pbxcloud.mx","AMX_3470814","AMX_Ent_1715985","[""Call Forwarding Always"",""Call Forwarding Busy""]"
"AMX_3470814_HG156446@pbxcloud.mx","AMX_3470814","AMX_Ent_1715985","[""Call Forwarding Always"",""Call Forwarding Busy""]"
"AMX_3470026_HG156500@pbxcloud.mx","AMX_3470026","AMX_Ent_1380538","[""Call Forwarding Always"",""Call Forwarding Busy""]"
"AMX_3470026_HG156510@pbxcloud.mx","AMX_3470026","AMX_Ent_1380538","[""Call Forwarding Always"",""Call Forwarding Busy""]"
"AMX_3470026_HG156516@pbxcloud.mx","AMX_3470026","AMX_Ent_1380538","[""Call Forwarding Always"",""Call Forwarding Busy""]"
"AMX_2024157_HG156480@pbxcloud.mx","AMX_2024157","AMX_Ent_1677047","[""Call Forwarding Always"",""Call Forwarding Busy""]"
"AMX_3431993_HG156489@pbxcloud.mx","AMX_3431993","AMX_Ent_1735963","[""Call Forwarding Always"",""Call Forwarding Busy""]"
"AMX_3320115_HG156546@pbxcloud.mx","AMX_3320115","AMX_Ent_2392497","[""Call Forwarding Always"",""Call Forwarding Busy""]"
"AMX_3320115_HG156552@pbxcloud.mx","AMX_3320115","AMX_Ent_2392497","[""Call Forwarding Always"",""Call Forwarding Busy""]"
"AMX_3320115_HG156558@pbxcloud.mx","AMX_3320115","AMX_Ent_2392497","[""Call Forwarding Always"",""Call Forwarding Busy""]"
"AMX_3340450_HG156522@pbxcloud.mx","AMX_3340450","AMX_Ent_2392497","[""Call Forwarding Always"",""Call Forwarding Busy""]"
"AMX_3340450_HG156528@pbxcloud.mx","AMX_3340450","AMX_Ent_2392497","[""Call Forwarding Always"",""Call Forwarding Busy""]"
"AMX_3340450_HG156534@pbxcloud.mx","AMX_3340450","AMX_Ent_2392497","[""Call Forwarding Always"",""Call Forwarding Busy""]"
"AMX_3340450_HG156540@pbxcloud.mx","AMX_3340450","AMX_Ent_2392497","[""Call Forwarding Always"",""Call Forwarding Busy""]"
"AMX_3459564_HG156564@pbxcloud.mx","AMX_3459564","AMX_Ent_2404801","[""Call Forwarding Always"",""Call Forwarding Busy""]"